Nama,Bulan,Quantity
BABY CAT  24 X 100 GR  ,2,7.91
BABY CAT  24 X 100 GR  ,3,28.91
BABY CAT  24 X 100 GR  ,4,18.81
BABY CAT 12X195G  ,2,1.01
BABY CAT 12X195G  ,3,2.02
BABY CAT MILK 300 GR  ,3,3.0
BABY DOG MILK 2KG  ,3,1.12
BABYCAT 2 KG  ,1,1.45
BABYCAT 2 KG  ,3,1.2
BABYCAT 400 GR  ,1,3.0300000000000002
BABYCAT 400 GR  ,2,1.01
BABYCAT 400 GR  ,3,5.02
BABYCAT 400 GR  ,4,3.0
BABYCAT 4K  ,2,1.81
BABYCAT 4K  ,3,1.34
BANTAL LEHER KUCING L  ,3,1.0
BANTAL LEHER KUCING M  ,1,1.0
BANTAL LEHER KUCING MOTIF SUN FLOWER M  ,2,1.0
BANTAL LEHER KUCING MOTIF SUN FLOWER M  ,4,1.01
BANTAL LEHER KUCING MOTIF SUN FLOWER S  ,1,1.0
BATH SAND HAMSTER 500 GR ORIGINAL  ,3,1.0
BATH SAND HAMSTER 500 GR ORIGINAL  ,4,1.0
BATH SAND HAMSTER 500 GR STRAWBERRY  ,2,1.0
BATH SAND HAMSTER 500 GR STRAWBERRY  ,3,1.0
BATU WARNA WARNI @12KG  ,1,1.0
BATU WARNA WARNI @12KG  ,4,1.0
BEAGLE ADULT 3KG  ,2,1.06
BELL WARNA WARNI 14MM  ,2,1.0
BELL WARNA WARNI 14MM  ,3,1.0
BELL WARNA WARNI 14MM  ,4,4.470000000000001
BELL WARNA WARNI 16MM  ,2,2.0
BELL WARNA WARNI 16MM  ,3,2.06
BELL WARNA WARNI 21.5MM  ,3,6.35
BELL WARNA WARNI 21.5MM  ,4,1.0
BENGAL 2KG  ,4,1.01
BIO CRISTAL (BAR)  ,4,1.0
BLACK HAWK BEEF 100GR  ,1,1.0
BLACK HAWK BEEF 100GR  ,3,1.0
BOTOL MINUM HAMSTER HR (125 ML)  ,1,1.0
BOTOL MINUM HAMSTER HR (250 ML)  ,2,2.99
BOTOL MINUM HAMSTER HR (250 ML)  ,3,4.0
BOTOL MINUM TAOTAO 350 ML  ,3,1.97
BOTOL MINUM TAOTAO 500 ML  ,1,1.0
BOTOL MINUM TAOTAO 500 ML  ,4,1.0
BOTOL SUSU 50 ML HR  ,1,2.0
BOTOL SUSU 60ML SET TAO  ,3,2.0
BOTOL SUSU 60ML SET TAO  ,4,2.01
BOTOL SUSU 60ML SET ZY  ,3,1.0
BOTOL SUSU BIASA 50 CC  ,2,3.0
BOTOL SUSU BIASA 50 CC  ,4,4.01
BRITISH SHORTHAIR 2 KG  ,1,1.0
BRITISH SHORTHAIR 2 KG  ,3,1.0
BRITISH SHORTHAIR 2 KG  ,4,1.0
BRITISH SHORTHAIR 4K  ,3,1.0
BRITISH SHORTHAIR 4K  ,4,1.0
BRUSH PET BATH  ,1,2.0
BRUSH PET BATH  ,2,2.0
BRUSH PET BATH  ,3,2.0
BUSA 2 LAPIS  ,3,1.98
CAT CHEST AND BACK ROPE  ,3,1.0
CAT CHOIZE ADULT SALMON  ,1,11.97
CAT CHOIZE ADULT SALMON  ,2,16.79
CAT CHOIZE ADULT SALMON  ,3,20.91
CAT CHOIZE ADULT SALMON  ,4,12.89
"CAT CHOIZE ADULT TUNA 1KG, 20KG  ",1,15.14
"CAT CHOIZE ADULT TUNA 1KG, 20KG  ",2,30.84
"CAT CHOIZE ADULT TUNA 1KG, 20KG  ",3,50.14
"CAT CHOIZE ADULT TUNA 1KG, 20KG  ",4,26.23
CAT CHOIZE KITTEN SALMON 20 KG  ,1,16.23
CAT CHOIZE KITTEN SALMON 20 KG  ,2,12.0
CAT CHOIZE KITTEN SALMON 20 KG  ,3,9.0
CAT CHOIZE KITTEN SALMON 20 KG  ,4,3.0
"CAT CHOIZE KITTEN TUNA 1KG,20 KG  ",1,10.0
"CAT CHOIZE KITTEN TUNA 1KG,20 KG  ",2,16.07
"CAT CHOIZE KITTEN TUNA 1KG,20 KG  ",3,7.96
"CAT CHOIZE KITTEN TUNA 1KG,20 KG  ",4,16.73
CAT CLIMBING FRAME  3 LAYER ( MEDIUM )  ,4,1.0
CAT CLIMBING FRAME KODE 23 S  ,1,1.03
CAT CLIMBING FRAME KODE 23 S  ,3,1.92
CAT CLIMBING FRAME KODE 37  ,3,1.04
CAT CLIMBING ROUND FRAME 20 CM  ,1,1.0
CAT CLIMBING ROUND FRAME 20 CM  ,2,2.0
CAT EAR BOWL COLOURFULL LARGE  ,1,1.0
CAT EAR BOWL COLOURFULL SMALL  ,3,4.76
CAT GRASS HIDROPONIC  ,1,2.98
CAT GRASS HIDROPONIC  ,3,3.0
CAT HAIR REMOVAL PAW SILICONE  ,2,1.0
CAT HAIR REMOVAL PAW SILICONE  ,3,1.0
CAT HAMMOCK TEBAL 50 X 40 CM  ,1,2.0
CAT HAMMOCK TEBAL 50 X 40 CM  ,2,1.0
CAT HAMMOCK TEBAL 50 X 40 CM  ,3,1.0
CAT HEAD WEAR MOTIF RABBIT  ,3,1.0
CAT HEAD WEAR MOTIF RABBIT  ,4,2.0
CAT LITTER BOX BODY CAT SIZE L  ,4,1.0
CAT LITTER BOX BODY CAT SIZE S  ,3,2.01
CAT LITTER BOX FULL ENCLOSED EAR CAT  ,1,1.07
CAT LITTER BOX HAOER PREMIUM  ,2,1.0
CAT LITTER BOX HAOER SMALL UK 41X34X71CM  ,1,2.0
CAT LITTER BOX HAOER SMALL UK 41X34X71CM  ,3,1.84
CAT LITTER BOX HIGH SIDE L (ROUND)  ,3,1.0
CAT LITTER BOX KADO HITAM  ,2,1.0
CAT LITTER BOX KADO HITAM  ,4,1.0
CAT LITTER BOX MOTIF LEBAH UK 59.5X45X45.5 CM  ,1,1.0
CAT LITTER BOX POLYESTER UK 40X29X13.5  CM  ,3,1.0
CAT LITTER BOX POLYESTER UK 40X29X13.5  CM  ,4,1.0
CAT LITTER BOX SEMI JUMBO 55.5X45X16.5CM  ,1,1.0
CAT LITTER BOX SEMI JUMBO 55.5X45X16.5CM  ,4,1.0
CAT LITTER BOX SEMI TRANSPARAN L  ,1,1.0
CAT LITTER BOX SEMI TRANSPARAN L  ,3,1.0
CAT LITTER BOX SEMI TRANSPARAN S  ,1,1.01
CAT LITTER BOX SEMI TRANSPARAN S  ,2,1.0
CAT LITTER BOX SEMI TRANSPARAN S  ,3,1.01
CAT LITTER BOX SQUARE COLORFULL JUMBO UK 67X42X19  ,2,1.01
CAT LITTER BOX SQUARE COLORFULL JUMBO UK 67X42X19  ,3,1.0
CAT LITTER BOX SQUARE COLOUFULL LARGE UK 50X36X17  ,2,1.0
CAT LITTER DEODORANT BEADS BLACK 300 ML  ,2,1.0
CAT LITTER DEODORANT BEADS GREEN 250 G (MINT)  ,3,1.0
CAT LITTER DEODORANT BEADS GREEN 500 ML (MINT)  ,2,1.0
CAT LITTER DEODORANT BEADS PINK 250 G (ROSE)  ,3,1.0
CAT LITTER DEODORANT BEADS PINK 250 G (ROSE)  ,4,1.0
CAT LITTER DEODORANT BEADS PURPLE 250 ML (LAVENDER)  ,1,1.0
CAT LITTER DEODORANT BEADS PURPLE 250 ML (LAVENDER)  ,2,1.0
CAT LITTER DEODORANT BEADS PURPLE 250 ML (LAVENDER)  ,3,1.0
CAT LITTER DEODORANT BEADS PURPLE 500 ML (LAVENDER)  ,3,1.0
CAT LITTER DEODORANT BEADS YELLOW 250 G (LEMON)  ,1,1.0
CAT LITTER DEODORANT BEADS YELLOW 250 G (LEMON)  ,3,1.0
CAT LITTER DEODORANT BEADS YELLOW 500ML (LEMON)  ,2,2.02
CAT LITTER DEODORANT BEADS YELLOW 500ML (LEMON)  ,3,2.0
CAT LITTER SHOVEL 32 CM TAO-TAO  ,2,2.99
CAT LITTER SHOVEL 32 CM TAO-TAO  ,3,1.0
CAT LITTER SHOVEL BIASA HR  ,1,1.0
CAT LITTER SHOVEL BIASA HR  ,2,2.0
CAT LITTER SHOVEL BIG HOLE  ,3,1.0
CAT LITTER SHOVEL CAT HEAD 23 CM  ,1,2.0
CAT LITTER SHOVEL FULL CANDY COLOR HR LARGE UK 29X10.5X8 CM  ,4,2.03
CAT LITTER SHOVEL MOTIF GAYUNG S  ,1,1.0
CAT LITTER SHOVEL MOTIF GAYUNG S  ,2,1.0
CAT LITTER SHOVEL PREMIUM HR UK 26X11X4.5 CM  ,1,1.0
CAT LITTER SHOVEL PREMIUM HR UK 26X11X4.5 CM  ,2,1.0
CAT LITTER SHOVEL SMALL HOLE  ,1,5.0
CAT LITTER SHOVEL SMALL HOLE  ,2,1.0
CAT LITTER SHOVEL SMALL HOLE  ,3,4.0
CAT LITTER SHOVEL SMALL HOLE  ,4,2.0
CAT LITTER SHOVEL SOFT COLOUR  ,3,1.0
CAT LITTER SHOVEL WAVE HANDLE 28 X 10 CM  ,4,1.0
CAT LITTER SHOVEL WHITE GRAY  ,2,1.0
CAT LITTER SHOVEL WHITE UK 25 X 9.5 CM  ,2,2.0
CAT LITTER SHOVEL WHITE UK 25 X 9.5 CM  ,3,1.0
CAT ME-O ADULT BEEF FLAVOR & VEGETABLE 1.1KG  ,3,2.0
CAT ME-O ADULT CHICKEN VEGETABLE 1.1KG  ,1,1.0
CAT ME-O ADULT CHICKEN VEGETABLE 1.1KG  ,3,1.0
CAT ME-O ADULT MACKEREL 1.1KG  ,3,6.0
CAT ME-O ADULT MACKEREL 1.1KG  ,4,1.0
CAT ME-O ADULT OCEAN FISH  ,2,6.0
CAT ME-O ADULT OCEAN FISH  ,3,67.89
CAT ME-O ADULT OCEAN FISH  ,4,50.55
CAT ME-O ADULT POUCH BEEF AND LAMB FLAVOR  ,1,2.0
CAT ME-O ADULT POUCH BEEF AND LAMB FLAVOR  ,2,2.03
CAT ME-O ADULT POUCH BEEF AND LAMB FLAVOR  ,3,17.689999999999998
CAT ME-O ADULT POUCH BEEF FLOVER CHUNK IN JELY  ,2,1.0
CAT ME-O ADULT POUCH BEEF FLOVER CHUNK IN JELY  ,3,4.13
CAT ME-O ADULT POUCH BEEF FLOVER CHUNK IN JELY  ,4,2.01
CAT ME-O ADULT POUCH CHICKEN CHUNK IN GRAVY  ,2,1.0
CAT ME-O ADULT POUCH CHICKEN CHUNK IN GRAVY  ,3,1.0
CAT ME-O ADULT POUCH CHICKEN RICE  ,2,3.86
CAT ME-O ADULT POUCH CHICKEN RICE  ,3,60.2
CAT ME-O ADULT POUCH CHICKEN RICE  ,4,13.39
CAT ME-O ADULT POUCH CRAB STICK  ,2,2.0
CAT ME-O ADULT POUCH CRAB STICK  ,3,8.49
CAT ME-O ADULT POUCH CRAB STICK  ,4,15.28
CAT ME-O ADULT POUCH MACKEREL  ,1,11.53
CAT ME-O ADULT POUCH MACKEREL  ,2,1.0
CAT ME-O ADULT POUCH MACKEREL  ,3,5.05
CAT ME-O ADULT POUCH OTAK-OTAK WHITE FISH AND CARTON  ,2,4.0
CAT ME-O ADULT POUCH OTAK-OTAK WHITE FISH AND CARTON  ,3,3.05
CAT ME-O ADULT POUCH OTAK-OTAK WHITE FISH AND CARTON  ,4,2.01
CAT ME-O ADULT POUCH OTAK-OTAK WHITE FISH AND CHICKEN FLAKE  ,2,5.0
CAT ME-O ADULT POUCH OTAK-OTAK WHITE FISH AND CHICKEN FLAKE  ,3,19.89
CAT ME-O ADULT POUCH OTAK-OTAK WHITE FISH AND CHICKEN FLAKE  ,4,16.23
CAT ME-O ADULT POUCH SARDINE WITH RED SHAPPER IN JELY  ,1,7.119999999999999
CAT ME-O ADULT POUCH SARDINE WITH RED SHAPPER IN JELY  ,2,3.0
CAT ME-O ADULT POUCH SARDINE WITH RED SHAPPER IN JELY  ,3,7.01
CAT ME-O ADULT POUCH SARDINE WITH RED SHAPPER IN JELY  ,4,4.01
CAT ME-O ADULT POUCH TUNA  ,1,2.0
CAT ME-O ADULT POUCH TUNA  ,2,5.1
CAT ME-O ADULT POUCH TUNA  ,3,12.18
CAT ME-O ADULT POUCH TUNA  ,4,2.01
CAT ME-O ADULT POUCH TUNA WHITE FISH  ,2,4.0
CAT ME-O ADULT POUCH TUNA WHITE FISH  ,3,5.46
CAT ME-O ADULT SALMON 1.1KG  ,3,6.0
CAT ME-O ADULT SALMON 1.1KG  ,4,2.0
"CAT ME-O ADULT SEFOOD 1,1KG  ",2,1.0
"CAT ME-O ADULT SEFOOD 1,1KG  ",3,1.0
"CAT ME-O ADULT SEFOOD 1,1KG  ",4,1.0
"CAT ME-O ADULT TUNA 1,1KG  ",1,2.0
"CAT ME-O ADULT TUNA 1,1KG  ",2,1.0
"CAT ME-O ADULT TUNA 1,1KG  ",4,1.0
CAT ME-O KALENG ADULT SARDINE  ,2,1.99
CAT ME-O KALENG ADULT SEFOOD  ,1,3.74
CAT ME-O KALENG ADULT SEFOOD  ,2,1.0
CAT ME-O KALENG ADULT SEFOOD  ,3,1.0
CAT ME-O KALENG ADULT TUNA  ,2,1.99
CAT ME-O KALENG ADULT TUNA  ,3,3.49
CAT ME-O KALENG ADULT TUNA  ,4,1.0
CAT ME-O KITTEN PERSIAN 1KG  ,3,1.0
CAT ME-O KITTEN PERSIAN 1KG  ,4,2.0
CAT ME-O KITTEN PERSIAN 6.8KG  ,3,1.0
CAT ME-O KITTEN POUCH OTAK-OTAK WHITE FISH  ,1,3.06
CAT ME-O KITTEN POUCH OTAK-OTAK WHITE FISH  ,2,1.0
CAT ME-O KITTEN POUCH OTAK-OTAK WHITE FISH  ,3,7.279999999999999
CAT ME-O KITTEN POUCH OTAK-OTAK WHITE FISH  ,4,5.97
CAT ME-O KITTEN POUCH TUNA  ,1,24.98
CAT ME-O KITTEN POUCH TUNA  ,2,10.120000000000001
CAT ME-O KITTEN POUCH TUNA  ,3,17.11
CAT ME-O KITTEN POUCH TUNA  ,4,5.19
CAT ME-O KITTEN TUNA WITH SARDINE  ,3,1.0
CAT ME-O KITTEN TUNA WITH SARDINE  ,4,4.18
CAT ME-O OCEAN FISH KITTEN 7 KG  ,1,1.0
CAT ME-O PERSIAN 1KG  ,4,2.0
CAT ME-O POUCH BONITO FLAVOR 15 X 4 SACHETS  ,1,3.0
CAT ME-O POUCH BONITO FLAVOR 15 X 4 SACHETS  ,2,3.0
CAT ME-O POUCH BONITO FLAVOR 15 X 4 SACHETS  ,3,8.0
CAT ME-O POUCH BONITO FLAVOR 15 X 4 SACHETS  ,4,5.0
CAT ME-O POUCH CAKALANG 15 X 4 SACHETS  ,2,1.0
CAT ME-O POUCH CAKALANG 15 X 4 SACHETS  ,3,2.0
CAT ME-O POUCH CAKALANG 15 X 4 SACHETS  ,4,4.0
CAT ME-O POUCH CHICKEN & LIVER WITH GOAT MILK 15X4SACHETS  ,1,1.0
CAT ME-O POUCH CHICKEN & LIVER WITH GOAT MILK 15X4SACHETS  ,2,2.0
CAT ME-O POUCH CHICKEN DAN LIVER 15G X 4 SACHETS  ,1,1.0
CAT ME-O POUCH CHICKEN DAN LIVER 15G X 4 SACHETS  ,2,1.0
CAT ME-O POUCH CHICKEN DAN LIVER 15G X 4 SACHETS  ,3,4.0
CAT ME-O POUCH CHICKEN DAN LIVER 15G X 4 SACHETS  ,4,3.0
CAT ME-O POUCH CRAB FLAVOR 15 X 4 SACHETS  ,1,2.0
CAT ME-O POUCH CRAB FLAVOR 15 X 4 SACHETS  ,3,6.0
CAT ME-O POUCH CRAB FLAVOR 15 X 4 SACHETS  ,4,1.0
CAT ME-O POUCH MAGURO FLAVOR 15 X 4 SACHETS  ,2,1.0
CAT ME-O POUCH MAGURO FLAVOR 15 X 4 SACHETS  ,3,3.0
CAT ME-O POUCH MAGURO FLAVOR 15 X 4 SACHETS  ,4,3.0
CAT ME-O POUCH SALMON FLAVOR 15 X 4 SACHETS  ,1,5.0
CAT ME-O POUCH SALMON FLAVOR 15 X 4 SACHETS  ,2,9.95
CAT ME-O POUCH SALMON FLAVOR 15 X 4 SACHETS  ,3,2.0
CAT ME-O POUCH SALMON FLAVOR 15 X 4 SACHETS  ,4,2.0
CAT ME-O POUCH TUNA WIITH GOAT MILK 15X4 SACHET  ,1,3.0
CAT ME-O POUCH TUNA WIITH GOAT MILK 15X4 SACHET  ,2,3.0
CAT ME-O POUCH TUNA WIITH GOAT MILK 15X4 SACHET  ,3,5.96
CAT ME-O POUCH TUNA WIITH GOAT MILK 15X4 SACHET  ,4,4.0
CAT ME-O POUCH TUNA WITH SCALLOP FLAVOR 15 X 4 SACHET  ,1,5.0
CAT ME-O POUCH TUNA WITH SCALLOP FLAVOR 15 X 4 SACHET  ,2,5.0
CAT ME-O POUCH TUNA WITH SCALLOP FLAVOR 15 X 4 SACHET  ,3,3.0
CAT ME-O POUCH TUNA WITH SCALLOP FLAVOR 15 X 4 SACHET  ,4,4.0
CAT ME-O SALMON 7KG  ,2,1.0
CAT ME-O TUNA 7KG  ,1,1.0
CAT ME-O TUNA 7KG  ,2,1.0
CAT ME-O TUNA 7KG  ,3,2.64
CAT SCRATCHIING BOARD 36 CM MOTIF IKAN  ,3,1.0
CAT SCRATCHING BOARD ( HW )TYPE S  ,3,1.0
CAT SCRATCHING BOARD ( HW )TYPE WAVE GRAB  ,3,1.0
CAT SCRATCHING BOARD 36 CM MOTIF TIKUS  ,3,1.0
CAT SCRATCHING BOARD OVAL SIZE M  ,4,1.0
CAT SCRATCHING BOARD SMALL MOTIF MOUSE  ,3,2.0
CAT SCRATCHING BOARD TYPE RANDOM  ,1,1.0
CAT SCRATCHING BOARD TYPE RANDOM  ,2,3.0
CAT SCRATCHING BOARD TYPE RANDOM  ,3,2.0
CAT SCRATCHING BOARD TYPE TRAPEZOID  ,1,1.0
CAT SCRATCHING BOARD TYPE TRAPEZOID  ,2,1.0
CAT SCRATCHING BOARD TYPE TRAPEZOID  ,3,1.0
CAT SNACK NUTRITION BALL SALMON  ,1,1.0
CAT SNACK NUTRITION BALL SALMON  ,2,2.0
CAT STICK LASER MOTIF PAWS  ,1,1.0
CAT STIK FUNNY BULU  ,1,3.0
CAT STIK FUNNY BULU  ,2,1.0
CAT STIK FUNNY BULU  ,4,1.0
CAT STIK FUNNY FISH  ,1,2.0
CAT STIK FUNNY FISH  ,2,1.0
CAT STIK FUNNY FISH  ,3,1.0
CAT TOWER 4 LAYER HW MOTIF HEAD  ,2,1.0
CAT TOWER 4 LAYER TAO-TAO  ,1,1.0
CAT TOY FEATHER BELLS SPRING  ,1,1.0
CAT TOY FISH ELECTRIC  ,1,3.0
CAT TOY FISH ELECTRIC  ,4,1.0
CAT TOY FISH WITH CATNIP  ,2,1.0
CAT TOY FISH WITH CATNIP  ,3,1.0
CAT TOY FISH WITH CATNIP  ,4,1.0
CAT TOY FRAME 10 CM SPRING MOUSE  ,1,1.0
CAT TOY FRAME MOTIF PANCINGAN  ,1,1.0
CAT TOY FRAME MOTIF PANCINGAN  ,2,1.0
CAT TOY MOUSE ELECTRIC  ,2,2.0
CAT TOY MOUSE ELECTRIC  ,4,1.0
CAT TOY SPRING BALL  ,2,1.0
CAT TOY SQUARE SPRING MOUSE AND BALL  ,1,1.0
CAT TOY TIKUS BULU  ,1,1.0
CAT TOY TUMBLER MOUSE  ,2,1.0
CAT TOY TUMBLER MOUSE  ,4,1.0
CAT VEST COLORBLOCK REFLECTIVE TAO-TAO SIZE L  ,4,1.0
"CAT VEST KOTAK2 LARGE 1,5 CM  ",1,1.0
CATNIP 10 GR/ CAN  ,1,1.0
CATNIP 10 GR/ CAN  ,2,1.0
CATNIP 10 GR/ CAN  ,4,1.0
CATNIP BEAR MINT BALL  ,4,1.0
CATNIP BISCUIT 40 G  ,1,1.0
CATNIP BISCUIT 40 G  ,2,1.0
CATNIP BISCUIT PREMIUM CHICKEN 80 GR  ,3,1.0
CATNIP LEAF POWDER 10 GR  ,2,1.0
CATNIP LEAF POWDER 10 GR  ,3,4.0
CATNIP LEAF POWDER 10 GR  ,4,2.0
CATNIP LEAF POWDER 5GR  ,3,1.0
CATNIP MOTIF CAT  ,3,1.0
CATNIP MOTIF CAT  ,4,1.0
CATYDOL  ,3,1.0
CATYZOLE DROP  ,3,2.0
CESAR BEEF & LIVER 100GR  ,1,2.98
CESAR BEEF & LIVER 100GR  ,2,2.0
CESAR BEEF & LIVER 100GR  ,3,24.54
CESAR BEEF & LIVER 100GR  ,4,2.0
CESAR BEEF 100GR  ,1,7.9
CESAR BEEF 100GR  ,2,5.02
CESAR BEEF 100GR  ,3,15.58
CESAR BEEF 100GR  ,4,4.99
CESAR CHIKEN & VEG 100GR  ,1,16.48
CESAR CHIKEN & VEG 100GR  ,2,22.13
CESAR CHIKEN & VEG 100GR  ,3,38.2
CESAR CHIKEN & VEG 100GR  ,4,13.98
CESAR CHIKEN 100GR  ,1,22.36
CESAR CHIKEN 100GR  ,2,24.8
CESAR CHIKEN 100GR  ,3,64.81
CESAR CHIKEN 100GR  ,4,18.34
CESAR LAMB 100GR  ,1,12.23
CESAR LAMB 100GR  ,2,5.0
CESAR LAMB 100GR  ,3,34.8
CESAR LAMB 100GR  ,4,5.99
CESAR PRIME BEEF W VEG 100GR  ,1,4.93
CESAR PRIME BEEF W VEG 100GR  ,2,3.0
CESAR PRIME BEEF W VEG 100GR  ,3,21.47
CESAR PRIME BEEF W VEG 100GR  ,4,14.969999999999999
CHERMAN WET FOOD MACKEREL & SALMON 85GR  ,1,5.78
CHERMAN WET FOOD MACKEREL & SALMON 85GR  ,3,4.22
CHERMAN WET FOOD MACKEREL 85GR  ,1,5.78
CHERMAN WET FOOD MACKEREL 85GR  ,3,3.68
CHERMAN WET FOOD TUNA & CHICKEN 85GR  ,1,6.78
CHERMAN WET FOOD TUNA & CHICKEN 85GR  ,2,1.0
CHERMAN WET FOOD TUNA & CHICKEN 85GR  ,3,4.22
CHERMAN WET FOOD TUNA & SALMON 85GR  ,1,9.42
CHERMAN WET FOOD TUNA & SALMON 85GR  ,3,3.68
CHERMAN WET FOOD TUNA 85GR  ,1,2.06
CHERMAN WET FOOD TUNA 85GR  ,3,6.2299999999999995
CHEST AND BACK ROPE COLOUR SOLID 1 CM  ,2,1.0
CHEST AND BACK ROPE COLOUR SOLID 2 CM  ,4,1.01
CHEST AND BACK ROPE COLOUR SOLID 2.5 CM  ,2,1.0
CHEST AND BACK ROPE PLAIN LINEN 1.5 CM  ,3,1.0
CHEST AND BACK ROPE PLAIN LINEN 2.5 CM  ,1,1.0
"CHEST AND BACK TRATION ROPE ""EVA"" UK 2 CM  ",1,1.0
"CHEST AND BACK TRATION ROPE ""EVA"" UK 2.5 CM  ",1,1.0
CHEST BACK COLLAR DOG REFLETIVE SIZE L  ,2,1.01
CHEST BACK COLLAR DOG REFLETIVE SIZE M  ,3,1.01
CHEST BACK COLLAR DOG REFLETIVE SIZE S  ,3,1.01
CHEST BACK PET LEASH (ROUND ROPE TAO-TAO) SMALL  ,4,1.0
CLEO ADULT BEEF FLAVOR 1.5KG  ,2,1.0
CLEO ADULT MACRAKEL FLAVOR 1.5KG  ,3,1.01
CLEO ADULT SEAFOOD FLAVOR 1.5KG  ,2,1.0
CLEO ADULT SEAFOOD FLAVOR 1.5KG  ,4,1.0
CLEO CREAMY TREATS TUNA  ,3,2.0
CLEO CREAMY TREATS TUNA WITH SALMON  ,3,2.0
CLEO CREAMY TREATS TUNA WITH SCALLOP  ,3,1.0
CONTAINER FOOD SIZE L  ,1,1.07
COUCOU DOG ALS BEEF 1KG  ,2,1.01
COUCOU DOG ALS BEEF 1KG  ,3,2.0
COUCOU DOG ALS LAMB 1KG  ,3,4.0
COUCOU DOG ALS LAMB 1KG  ,4,1.0
COUCOU DOG BEEF PUPPY 1KG  ,2,1.0
COUCOU FURLOVE KITTEN TUNA 1KG  ,3,1.0
COUCOU FURLOVE SALMON 1KG  ,2,1.0
COUCOU FURLOVE SALMON 1KG  ,3,1.0
COUCOU HALCY CAT KITTEN CHICKEN 400G  ,2,2.0
COUCOU HALCY CAT KITTEN TUNA 400G  ,4,3.03
COUCOU HALCY CAT TUNA 400G  ,2,1.0
COUCOU HALCY CAT TUNA 400G  ,4,2.31
COUCOU POUCH CHICKEN 85G  ,2,1.0
COUCOU POUCH CHICKEN 85G  ,3,11.76
COUCOU POUCH CHICKEN 85G  ,4,9.09
COUCOU POUCH SALMON 85G  ,2,1.0
COUCOU POUCH SALMON 85G  ,3,11.76
COUCOU POUCH SALMON 85G  ,4,14.72
COUCOU POUCH TUNA 85G  ,2,1.0
COUCOU POUCH TUNA 85G  ,3,12.76
COUCOU POUCH TUNA 85G  ,4,12.05
DAMODEX CAT SP 30ML  ,3,1.0
DELTAMED  ,1,1.0
DELTAMED  ,3,6.01
DELTAMED  ,4,2.0
DETICK 1ML  ,4,4.13
DETICK 2ML  ,4,5.16
DOG CANNED MEAT LUSCIOUS BEEF 375G/CAN  ,3,3.0
DOG CANNED MEAT LUSCIOUS CHICKEN 375GR  ,3,2.0
DOG CHAIN CHROME PLATED 2.5 MM  ,2,1.0
DOG CHAIN CHROME PLATED 2.5 MM  ,3,2.0
DOG CHAIN CHROME PLATED 3.0 MM  ,1,2.03
DOG CHAIN SILVER  ,3,1.0
DOG CHEST & BACK SIZE S  ,2,1.0
DOG CHEST & BACK SIZE S  ,3,1.0
DOG CHEST & BACK SIZE XL  ,1,1.0
DOG CHEST & BACK SIZE XL  ,4,1.0
DOG CHOIZE BEEF 20KG  ,1,6.08
DOG CHOIZE BEEF 20KG  ,2,4.06
DOG CHOIZE BEEF 20KG  ,4,3.33
DOG CHOIZE BEEF 800GR  ,3,4.95
DOG CHOIZE LAMB 20KG  ,1,3.04
DOG CHOIZE LAMB 20KG  ,2,42.41
DOG CHOIZE LAMB 20KG  ,3,28.43
DOG CHOIZE LAMB 20KG  ,4,4.6
DOG CHOIZE LAMB 800GR  ,3,5.8
DOG CHOIZE LAMB 800GR  ,4,1.0
DOG COLLAR DOUBLE NYLON SIZE M  ,3,1.0
DOG COLLAR DOUBLE NYLON SIZE M  ,4,1.0
"DOG LEASH KEPANG CHEST AND BACK 1,5 CM  ",1,1.0
"DOG LEASH KEPANG CHEST AND BACK 2,5 CM  ",3,2.0
DOG SHAMPOO XUEDIAO ANTIBACTERIAL 500ML  ,4,1.0
DOG SHAMPOO XUEDIAO REDDISH BROWN HAIR 500ML  ,4,1.64
DOG TRAINING ANTIBITE SILICONE S  ,3,1.0
"DOG TWISTED CHAIN UK 2,5 MM X 120 CM  ",1,1.0
DOG TWISTED CHAIN UK 3 MM X 120 CM  ,3,3.0
DOG TWISTED CHAIN UK 4 MM X 120 CM  ,2,2.0
DOUBLE BOWL + BOTTLE DRINKING  ,1,2.01
DOUBLE BOWL + BOTTLE DRINKING  ,2,1.0
DOUBLE BOWL ANTI SLIP STAINLESS STEEL 15  ,2,1.02
DOUBLE BOWL ANTI SLIP STAINLESS STEEL 15  ,4,1.0
DOUBLE BOWL AUTOMATIC PET FEEDER DRINK HAWER SJ363  ,2,2.01
DOUBLE BOWL AUTOMATIC PET FEEDER DRINK HAWER SJ363  ,3,1.01
DOUBLE BOWL BEAR STAINLESS 33CM  ,1,1.0
DOUBLE BOWL CERAMIC CAT EAR  ,2,1.0
DOUBLE BOWL COLOURFULL  ,3,3.2
DOUBLE BOWL GANTUNG COLOURFULL HW L  ,1,1.0
DOUBLE BOWL GANTUNG COLOURFULL HW L  ,2,1.0
DOUBLE BOWL GANTUNG COLOURFULL HW S  ,1,1.0
DOUBLE BOWL GANTUNG COLOURFULL HW S  ,4,1.0
DOUBLE BOWL HANGING DRINKING  ,1,1.0
DOUBLE BOWL HEAD CAT + AUTOMATIC DRINKING HW  ,3,3.0
DOUBLE BOWL MELANIN COLOUR PRINTING LARGE ( 35.5 X 18.5 X 6.5 CM )  ,3,1.0
DOUBLE BOWL PLASTIC + BOTOL HR  ,1,2.0
DOUBLE BOWL PLASTIC + BOTOL HR  ,3,1.0
DOUBLE BOWL PLASTIC + BOTOL HR  ,4,1.0
DOUBLE BOWL PLASTIC + STAINLIS  ,3,1.0
DOUBLE BOWL PLASTIC 23 CM  ,3,1.0
DOUBLE BOWL PLASTIC 23 CM  ,4,2.0
DOUBLE BOWL PLASTIC FACE CAT  ,1,1.0
DOUBLE BOWL SOLID COLOR  ,3,1.0
DOUBLE BOWL STAINLESS FACE CAT  ,3,1.0
DOUBLE BOWL TRANSPARAN FACE CAT  ,1,1.0
DOUBLE BOWL TRANSPARAN FACE CAT  ,3,1.0
ELECTRIC CLIPPER HAIR KODE TT 320  ,1,2.14
ELECTRIC CLIPPER HAIR KODE TT 320  ,3,1.05
EVO B2  ,2,1.0
EVO B2  ,3,1.0
EXCEL DONAT  ,3,3.0
EXCEL DONAT  ,4,1.0
EXCEL IKAN  ,2,2.0
EXCEL IKAN  ,3,4.0
EXCEL IKAN  ,4,3.0
EXCEL KITTEN  ,2,2.98
EXCEL KITTEN  ,4,2.0
EXCEL SEGITIGA  ,2,1.0
EXCEL SEGITIGA  ,3,4.99
EXCEL SEGITIGA  ,4,2.0
EXIGENT 33 AROMATIC 2KG  ,2,2.0
EXIGENT 33 AROMATIC 2KG  ,3,4.0
EXIGENT 33 AROMATIC 2KG  ,4,1.0
EXIGENT 33 AROMATIC 400G  ,4,3.74
EXIGENT 42  PROTEIN 2KG  ,3,1.0
EXIGENT 42  PROTEIN 2KG  ,4,1.0
FANCY FEAST ADULT  OCEAN WHITE FIISH & CLASIC 85GR  ,4,1.0
FANCY FEAST ADULT GRILLED TUNA GRAVY CAN 85GR  ,3,3.9
FANCY FEAST ADULT GRILLED TUNA GRAVY CAN 85GR  ,4,1.0
FANCY FEAST ADULT GRILLED TURKEY GRAVY CAN 85GR  ,3,1.0
FANCY FEAST ADULT GRILLED TURKEY GRAVY CAN 85GR  ,4,1.0
FANCY FEAST ADULT LOVERS CHICKEN GRAVY CLASSIC CAN 85GR  ,3,1.0
FANCY FEAST ADULT LOVERS CHICKEN GRAVY CLASSIC CAN 85GR  ,4,4.26
FANCY FEAST ADULT SAVORY SALMON CLASSIC CAN 85 GR  ,4,1.0
FANCY FEAST ADULT TENDER LIVER & CHICKEN GRAVY CLS CAN 85GR  ,3,1.0
FANCY FEAST ADULT TENDER LIVER & CHICKEN GRAVY CLS CAN 85GR  ,4,3.26
FANCY FEAST INSPICHICKEN PASTA PEARLS AND SPINACH POUCH 70GR  ,3,1.0
FANCY FEAST KITTEN TENDER OCEAN WHITEFISH CAN 85GR  ,3,7.02
FEEDING KIT  ,3,2.0
FELIX ADULT CHICKEN WET POUCH 85GR  ,2,2.05
FELIX ADULT MACKEREL WET POUCH 85GR  ,3,3.8
FELIX ADULT SALMON WET POUCH 85GR  ,1,2.96
FELIX ADULT TUNA WET POUCH 85GR  ,1,2.06
FELIX KITTEN CHICKEN WET POUCH 85GR  ,1,1.0
FELIX KITTEN CHICKEN WET POUCH 85GR  ,2,2.0
FELIX KITTEN CHICKEN WET POUCH 85GR  ,3,5.83
FELIX KITTEN CHICKEN WET POUCH 85GR  ,4,2.97
FELIX KITTEN TUNA WET POUCH 85GR  ,1,1.0
FELIX KITTEN TUNA WET POUCH 85GR  ,2,1.0
FISH O PLUS  ,1,1.0
FISH O PLUS  ,3,1.0
FISH O PLUS  ,4,2.0
FIT32 2KG  ,3,1.0
FIT32 2KG  ,4,1.0
FOOD HAMSTER PINK  500 GR SALLY  ,2,1.0
FOOD HAMSTER PINK 1 KG SALLY  ,2,1.01
FOOD HAMSTER UNGGU 1 KG SALLY  ,3,1.01
FOOD HAMSTER UNGGU 500 GR SALLY  ,1,1.0
FOOD HAMSTER UNGGU 500 GR SALLY  ,2,1.0
FOOD HAMSTER UNGGU 500 GR SALLY  ,3,1.0
FOUR LEG CAT EAR BOWL  ,2,1.0
FRENCH BULDOG ADULT 3KG  ,4,1.0
FRISKIES ADULT MEATY GRILLS 400G  ,4,1.0
FRISKIES ADULT SEAFOOD SENSATIONS 2.8KG  ,4,1.03
FRISKIES KITTEN DISCOVERIES 400G  ,4,2.0
FRUITY PET SHAMPOO 450 ML FLEA SHACKLES  ,2,1.01
FUNGI CAT SPRAY  ,3,3.0
GASTRO INTEST 2KG  ,2,1.0
GASTRO INTEST 2KG  ,3,2.0
GASTRO INTESTIINAL 400G  ,2,2.98
GASTRO INTESTIINAL 400G  ,3,2.05
GASTRO INTESTIINAL 400G  ,4,1.02
GLASSES PET LOVE SHAPED 8 CM  ,2,1.0
GLASSES PET MEDIUM ROUND 10 CM  ,1,3.0
GLASSES PET MEDIUM ROUND 10 CM  ,2,4.0
GLASSES PET PLASTIC FRAME ROUND 8 CM  ,1,2.0
GLASSES PET PLASTIC FRAME ROUND 8 CM  ,2,1.0
GLASSES PET RETRO  MIRROR  ,3,1.0
GLASSES PET RETRO  MIRROR  ,4,1.0
GLASSES PET ROUND 8CM  ,1,4.0
GLASSES PET ROUND 8CM  ,3,1.0
GLASSES PET ROUND 8CM  ,4,2.0
GLASSES PET SMALL SQUARE 8 CM  ,4,1.0
GOLDEN RETRIEVER ADULT 12KG  ,2,1.0
GOLDEN RETRIEVER ADULT 12KG  ,3,1.0
GOLDEN RETRIEVER ADULT 12KG  ,4,2.0
GOLDEN RETRIEVER PUPPY 12KG  ,3,1.0
GUNTING KUKU KECIL TAO-TAO  ,2,1.0
GUNTING KUKU KECIL TAO-TAO  ,3,3.0
GUNTING KUKU KECIL YS  ,2,1.0
GUNTING KUKU KECIL YS  ,3,1.0
GUNTING KUKU MEDIUM + KIKIR HW  ,1,2.0
GUNTING KUKU MEDIUM + KIKIR HW  ,2,1.0
HAIR SKIN CARE 2 KG  ,1,3.0
HAIR SKIN CARE 2 KG  ,2,2.0
HAIR SKIN CARE 2 KG  ,3,5.0
HAIR SKIN CARE 2 KG  ,4,4.0
HAIR SKIN CARE 4 KG  ,2,1.0
HAIR SKIN CARE 4 KG  ,3,4.0
HAIR SKIN CARE 4 KG  ,4,1.0
HAIR SKIN CARE 400 GR  ,1,3.0
HAIR SKIN CARE 400 GR  ,2,4.01
HAIR SKIN CARE 400 GR  ,3,6.0
HAIRBALL CARE 12 X 85 GR  ,4,1.0
HAIRBALL CARE 400G  ,3,1.0
HAIRBALL CARE 400G  ,4,1.0
HAMSTER CUBE 6*3*2CM  ,4,1.0
HAMSTER RUNNING WHEEL 14CM  ,4,1.0
HAPPY CAT MINKAS HAIRBALL CTRL 1.5 KG  ,3,1.01
HAPPY CAT MINKAS JUNIOR CARE 10KG  ,4,1.0
HAPPY CAT MINKAS PERFECT MIX 1.5 KG  ,1,1.0
HAPPY CAT MINKAS PERFECT MIX 1.5 KG  ,2,1.0
HAPPY CAT MINKAS PERFECT MIX 10KG  ,3,1.0
HAPPY CAT MINKAS PERFECT MIX 10KG  ,4,1.0
HAPPY CAT MINKAS PERFECT MIX 4KG  ,3,1.0
HAPPY CAT MINKAS URINARY CARE 1.5 KG  ,3,1.01
HAPPY CAT MINKAS URINARY CARE 1.5 KG  ,4,1.01
HAPPY CAT VET STRUVIT 1 KG  ,1,1.0
HEALING SARIAWAN  ,2,1.0
HEALING SARIAWAN  ,3,4.03
HERBAFIT  ,1,2.0
HERBAFIT  ,2,3.02
HERBAFIT  ,3,3.01
HERBAFIT  ,4,2.01
IMO I BEST 1.8KG  ,2,2.0
IMO I BEST 1.8KG  ,3,2.0
IMO I BEST 1.8KG  ,4,1.51
IMO KBM 1.8KG  ,3,1.0
IMO KBM 7.5KG  ,3,1.0
INDOOR LONGHAIR 2KG  ,3,1.0
INDOOR LONGHAIR 400G  ,3,1.0
INDOOR27 400GR  ,1,2.0
INDOOR27 400GR  ,3,2.0
INDOOR27 4K  ,1,1.0
INSTINCTIVE +7 GRAVY 12 X 85 GR  ,2,1.0
INTENS BEAUTY JELLY 12 X 85 GR  ,3,2.02
INTENSE BEAUTY 12 X 85 GR  ,4,1.0
JERHIGH BACON STICK 100GX10PCS  ,2,5.63
JERHIGH BANANA STIK 70GX12PCS  ,2,3.09
JERHIGH BANANA STIK 70GX12PCS  ,3,1.0
JERHIGH BEEF STICK 70GX12PCS  ,2,2.0
JERHIGH BEEF STICK 70GX12PCS  ,3,4.0
JERHIGH BLUBERRY STIK 70GX12PCS  ,2,5.09
JERHIGH BLUBERRY STIK 70GX12PCS  ,3,5.0
JERHIGH BLUBERRY STIK 70GX12PCS  ,4,2.0
JERHIGH CARROT STICK 70GX12PCS  ,2,3.09
JERHIGH CARROT STICK 70GX12PCS  ,3,2.0
JERHIGH CHICKEN  BITES STIX 100GX12PCS  ,2,1.79
JERHIGH CHICKEN STICK 100GX10PCS  ,2,1.79
JERHIGH CHICKEN STICK 100GX10PCS  ,3,1.0
JERHIGH DEN-STICK BACON 70GX12PCS  ,2,1.0
JERHIGH DEN-STICK BACON 70GX12PCS  ,3,1.0
JERHIGH DEN-STICK BACON 70GX12PCS  ,4,1.0
JERHIGH DEN-STICK MILK 70GX12PCS  ,3,1.0
JERHIGH DEN-STICK TUNA 70GX12PCS  ,2,2.0
JERHIGH DEN-STICK TUNA 70GX12PCS  ,3,1.0
JERHIGH DUO MILK BANANA 50GX12PCS  ,3,4.0
JERHIGH DUO MILK STRAWBERRY STICK 50GX12PCS  ,2,1.0
JERHIGH DUO MILK STRAWBERRY STICK 50GX12PCS  ,3,4.0
JERHIGH MILK BITES 100GX12PCS  ,2,1.79
JERHIGH MILK BITES 100GX12PCS  ,3,1.0
JERHIGH MILK BITES 100GX12PCS  ,4,2.0
JERHIGH STRAWBERRY STICK 70GX12PCS  ,2,3.09
JERHIGH STRAWBERRY STICK 70GX12PCS  ,3,2.0
JERHIGH STRAWBERRY STICK 70GX12PCS  ,4,3.0
JERHIGH VEGGIES 100GX10PCS  ,2,1.0
JERHIGH VITAPET SALMON STICK 80GX10PCS  ,2,1.0
JERHIGH VITAPET SALMON STICK 80GX10PCS  ,4,1.0
KALUNG KITTEN 14MM  ,2,12.11
KALUNG KITTEN 14MM  ,3,7.02
KALUNG KUTU CAT AND DOG  ,1,1.0
KALUNG KUTU CAT AND DOG  ,2,2.59
KANDANG 60 2 LAYER  ,1,1.0
KANDANG 60 2 LAYER TAO2  ,1,1.07
KANDANG 60 2 LAYER TAO2  ,3,2.08
KANDANG 60 2 LAYER TAO2  ,4,1.0
KANDANG BURUNG SQUARE 60 CM  ,3,1.0
KANDANG DOGGY 110 (110 X 80 X 95)  ,1,2.0
KANDANG DOGGY 110 (110 X 80 X 95)  ,4,1.0
"KANDANG GROOMING M ( 49 X 15,5 X 26 CM )  ",3,1.0
KANDANG HAMSTER 3 LANTAI + ATAP  ,1,1.02
KANDANG HOLLOW UK 78 X 54 X 107  ,1,1.02
KANDANG LIPAT UK 90 4 LAYER  ,2,1.01
KANDANG PREMIUM SENSEN UK 76 X 50 X 133  ,1,1.0
KANDANG PREMIUM SENSEN UK 76 X 50 X 133  ,2,1.0
KANDANG PREMIUM SENSEN UK 76 X 50 X 133  ,3,1.0
KANDANG UK 50 TAOTAO  ,2,1.0
KANDANG UK 50 TAOTAO  ,3,1.01
KANDANG UK 50 TAOTAO  ,4,2.0
KANDANG UK 60 TAOTAO  ,2,2.81
KANDANG UK 60 TAOTAO  ,3,2.1
KANDANG UK 75 2 LAYER  ,4,2.0
KANDANG UK 90X60 2 LAYER TAOTAO  ,1,2.0
KANDANG UK 90X60 2 LAYER TAOTAO  ,3,1.0
KETOVAR 10G  ,1,9.05
KETOVAR 10G  ,2,2.0
KETOVAR 10G  ,3,9.0
KETOVAR 10G  ,4,3.0
KITCHEN FLAVOR ADULT CAT 8KG  ,3,2.0
KITCHEN FLAVOR ADULT CAT 8KG  ,4,3.0
KITCHEN FLAVOR ADULT DOG BEAUTY 1.5KG  ,1,5.0
KITCHEN FLAVOR ADULT DOG BEAUTY 1.5KG  ,2,5.0
KITCHEN FLAVOR ADULT DOG BEAUTY 1.5KG  ,3,8.5
KITCHEN FLAVOR ADULT DOG BEAUTY 1.5KG  ,4,5.63
KITCHEN FLAVOR CAT ADULT 1.5KG  ,1,1.0
KITCHEN FLAVOR CAT ADULT 1.5KG  ,2,4.88
KITCHEN FLAVOR CAT ADULT 1.5KG  ,3,5.75
KITCHEN FLAVOR CAT ADULT 1.5KG  ,4,1.0
KITCHEN FLAVOR CAT BEAUTY 1.5KG  ,1,7.0
KITCHEN FLAVOR CAT BEAUTY 1.5KG  ,2,5.0
KITCHEN FLAVOR CAT BEAUTY 1.5KG  ,3,10.879999999999999
KITCHEN FLAVOR CAT BEAUTY 1.5KG  ,4,6.029999999999999
KITCHEN FLAVOR CAT BEAUTY 8KG  ,2,2.01
KITCHEN FLAVOR CAT BEAUTY 8KG  ,3,1.0
KITCHEN FLAVOR CAT BEAUTY 8KG  ,4,3.01
KITCHEN FLAVOR CAT KITTEN 1.5KG  ,1,1.0
KITCHEN FLAVOR CAT KITTEN 1.5KG  ,3,1.0
KITCHEN FLAVOR DOG ADULT 1.5KG  ,1,1.0
KITCHEN FLAVOR DOG ADULT 1.5KG  ,3,3.5
KITCHEN FLAVOR DOG ADULT 1.5KG  ,4,1.55
KITCHEN FLAVOR DOG PUPPY 1.5KG  ,1,2.0
KITCHEN FLAVOR DOG PUPPY 1.5KG  ,2,3.0
KITCHEN FLAVOR DOG PUPPY 1.5KG  ,3,5.0
KITCHEN FLAVOR DOG PUPPY 1.5KG  ,4,3.51
KITTEN BRITISH SH 2 KG  ,1,1.0
KITTEN BRITISH SH 2 KG  ,3,1.02
KITTEN BRITISH SH 400 GR  ,3,1.0
KITTEN INSTINCTIVE  SECOND GRAVY 12 X 85 GR  ,1,2.18
KITTEN INSTINCTIVE  SECOND GRAVY 12 X 85 GR  ,3,1.0
KITTEN INSTINCTIVE SECOND JELLY 12 X 85 G  ,4,3.86
KITTEN MAINECOON 400 GR  ,3,1.0
KITTEN PERSIAN 2 KG  ,3,2.04
KITTEN PERSIAN 4 KG  ,4,1.02
KITTEN PERSIAN 400 GR  ,1,3.01
KITTEN PERSIAN 400 GR  ,2,2.01
KITTEN PERSIAN 400 GR  ,3,2.98
KITTEN PERSIAN 400 GR  ,4,2.02
KITTEN SECOND AGE 10K  ,1,1.0
KITTEN SECOND AGE 10K  ,3,1.0
KITTEN SECOND AGE 10K  ,4,1.0
KITTEN SECOND AGE 2K  ,3,2.0
KITTEN SECOND AGE 2K  ,4,2.0
KITTEN SECOND AGE 400 GR  ,2,1.0
KITTEN SECOND AGE 400 GR  ,3,2.0
KITTEN SECOND AGE 4K  ,2,1.01
KITTEN SECOND AGE 4K  ,3,1.0
LASER LED 2 IN 1  ,1,1.0
LASER LED 2 IN 1  ,3,1.0
LASER LED 2 IN 1 YSH  ,2,1.0
LASER LED 2 IN 1 YSH  ,3,1.0
LIFE CAT CHICKEN & SALMON ADULT 400G (KALENG)  ,2,2.96
LIFE CAT CHICKEN & SALMON ADULT 400G (KALENG)  ,3,10.92
LIFE CAT CHICKEN & SALMON ADULT 400G (KALENG)  ,4,5.74
LIFE CAT CHICKEN TUNA ADULT 85G (POUCH)  ,2,36.18
LIFE CAT CHICKEN TUNA ADULT 85G (POUCH)  ,3,30.82
LIFE CAT KITTEN CHICKEN 85G (POUCH)  ,1,1.0
LIFE CAT KITTEN CHICKEN 85G (POUCH)  ,2,3.35
LIFE CAT KITTEN CHICKEN 85G (POUCH)  ,3,29.72
LIFE CAT KITTEN CHICKEN 85G (POUCH)  ,4,2.0
LIFE CAT KITTEN SALMON 400G (KALENG)  ,1,10.93
LIFE CAT KITTEN SALMON 400G (KALENG)  ,2,10.8
LIFE CAT KITTEN SALMON 400G (KALENG)  ,3,10.91
LIFE CAT KITTEN SALMON 400G (KALENG)  ,4,9.8
LIFE CAT KITTEN SALMON 85G (POUCH)  ,1,1.0
LIFE CAT KITTEN SALMON 85G (POUCH)  ,2,2.0
LIFE CAT KITTEN SALMON 85G (POUCH)  ,3,8.23
LIFE CAT KITTEN TUNA 400G (KALENG)  ,1,7.08
LIFE CAT KITTEN TUNA 400G (KALENG)  ,2,24.09
LIFE CAT KITTEN TUNA 400G (KALENG)  ,3,20.049999999999997
LIFE CAT KITTEN TUNA 85G (POUCH)  ,1,4.22
LIFE CAT KITTEN TUNA 85G (POUCH)  ,2,1.0
LIFE CAT KITTEN TUNA 85G (POUCH)  ,3,8.209999999999999
LIFE CAT KITTEN TUNA 85G (POUCH)  ,4,2.01
LIFE CAT SALMON ADULT 85G (POUCH)  ,2,1.0
LIFE CAT TUNA ADULT 400G (KALENG)  ,2,14.559999999999999
LIFE CAT TUNA ADULT 400G (KALENG)  ,3,14.83
LIFE CAT TUNA ADULT 400G (KALENG)  ,4,12.09
MAINCOON 12 X 85 GR  ,3,1.0
MAKANAN TULANG 10 INCHES ( 1 PCS)  ,1,3.0
MAKANAN TULANG 10 INCHES ( 1 PCS)  ,2,1.0
MAKANAN TULANG 2 INCHES ( 10 PCS)  ,2,1.0
MAKANAN TULANG 2 INCHES ( 10 PCS)  ,3,1.0
MAKANAN TULANG 2 INCHES ( 10 PCS)  ,4,1.0
MAKANAN TULANG 3 INCHES ( 4 PCS)  ,2,1.0
MAKANAN TULANG 3 INCHES ( 4 PCS)  ,3,1.0
MAKANAN TULANG 4 INCHES ( 4 PCS)  ,2,3.02
MAKANAN TULANG 4 INCHES ( 4 PCS)  ,3,2.0
MAKANAN TULANG 6 INCHES ( 2 PCS)  ,1,2.01
MAKANAN TULANG 6 INCHES ( 2 PCS)  ,2,1.01
MAKANAN TULANG 6 INCHES ( 2 PCS)  ,3,3.01
MAKANAN TULANG 8 INCHES ( 1 PCS)  ,1,3.71
MAKANAN TULANG 8 INCHES ( 1 PCS)  ,2,1.0
MALTESE ADULT 1.5KG  ,4,1.8
MAT PET PAWS SHAPE  ,1,3.03
MAT PET PAWS SHAPE  ,2,2.0
MAT PET PAWS SHAPE  ,3,1.0
MAXI ADULT 15KG  ,2,1.0
MAXI ADULT 15KG  ,3,35.41
MAXI ADULT 4KG  ,1,1.98
MAXI ADULT 4KG  ,2,1.98
MAXI CHICKEN TUNA @20KG @1KG  ,1,5.16
MAXI CHICKEN TUNA @20KG @1KG  ,2,2.0
MAXI CHICKEN TUNA @20KG @1KG  ,3,8.32
MAXI CHICKEN TUNA @20KG @1KG  ,4,4.0
MAXI PUPPY 10X140GR  ,1,2.0
MAXI PUPPY 15KG  ,4,1.0
MECTIVAR 5ML  ,1,1.01
MECTIVAR 5ML  ,2,1.0
MECTIVAR 5ML  ,3,4.03
MEDIUM ADULT 10KG  ,4,1.01
MEDIUM ADULT 4KG  ,1,1.01
MEDIUM ADULT 4KG  ,3,2.02
MEDIUM PUPPY 10X140GR  ,1,1.0
MEDIUM PUPPY 10X140GR  ,2,4.0
MEDIUM PUPPY 4KG  ,1,1.0
MINI ADULT 4KG  ,1,1.0
MINI ADULT 4KG  ,3,1.0
MINI ADULT 4KG  ,4,1.0
MINI ADULT IND 3KG  ,3,1.0
MINI ADULT IND 3KG  ,4,1.0
MINI PUPPY 2KG  ,3,1.0
MINI PUPPY 4KG  ,2,1.0
MINI PUPPY 8KG  ,3,1.02
MINI PUPY 12X85G  ,1,2.0
MINI PUPY 12X85G  ,2,6.7
MINI STARTER MB 1KG  ,1,1.0
MINI STARTER MB 1KG  ,4,1.02
MINYAK IKAN  ,1,4.0
MINYAK IKAN  ,2,4.0
MINYAK IKAN  ,3,3.05
MINYAK IKAN  ,4,6.02
"MTOP ADULT CAT FOOD TUNA @ 1KG, @ 20KG  ",1,3.0
"MTOP ADULT CAT FOOD TUNA @ 1KG, @ 20KG  ",2,2.0
"MTOP ADULT CAT FOOD TUNA @ 1KG, @ 20KG  ",3,2.0
"MTOP ADULT CAT FOOD TUNA WITH SALMON @ 1KG, @ 20KG  ",1,1.0
"MTOP ADULT CAT FOOD TUNA WITH SALMON @ 1KG, @ 20KG  ",2,5.0
"MTOP ADULT CAT FOOD TUNA WITH SALMON @ 1KG, @ 20KG  ",3,2.0
"MTOP ADULT CAT FOOD TUNA WITH SALMON @ 1KG, @ 20KG  ",4,2.0
MTOP KITTEN 3FISH BONITO GOAT MILK 24X400G  ,1,1.0
MTOP KITTEN MACKEREL 24X400G  ,3,2.95
MTOP KITTEN MACKEREL 24X400G  ,4,1.96
MTOP KITTEN MACKEREL CHICKEN 24X400G  ,2,1.0
MTOP KITTEN MACKEREL CHICKEN 24X400G  ,3,1.0
"MTOP KITTEN SALMON & CHIC W/GOAT MILK @ 1 KG, @ 20KG  ",3,3.0
"MTOP KITTEN SALMON & CHIC W/GOAT MILK @ 1 KG, @ 20KG  ",4,1.0
"MTOP KITTEN SALMON & TUNA W/GOAT MILK @1KG, @ 20KG  ",1,3.0
"MTOP KITTEN SALMON & TUNA W/GOAT MILK @1KG, @ 20KG  ",2,3.0
"MTOP KITTEN SALMON & TUNA W/GOAT MILK @1KG, @ 20KG  ",3,4.0
"MTOP KITTEN SALMON & TUNA W/GOAT MILK @1KG, @ 20KG  ",4,1.0
MTOP KITTEN TUNA & CHICKEN GOAT MILK 24X400G  ,1,1.0
MTOP KITTEN TUNA & CHICKEN GOAT MILK 24X400G  ,2,1.0
MTOP KITTEN TUNA & CHICKEN GOAT MILK 24X400G  ,3,2.95
MTOP KITTEN TUNA & S.TUNA CRANBERRY 24X400G  ,1,1.0
MTOP KITTEN TUNA & S.TUNA CRANBERRY 24X400G  ,2,1.0
MTOP KITTEN TUNA & S.TUNA CRANBERRY 24X400G  ,3,3.95
MTOP KITTEN TUNA & SALMON GOAT MILK 24X400G  ,1,1.0
MTOP KITTEN TUNA & SALMON GOAT MILK 24X400G  ,2,3.02
MTOP KITTEN TUNA & SALMON GOAT MILK 24X400G  ,3,1.0
MTOP KITTEN TUNA CRANBERRY 24X400G  ,2,1.99
MTOP KITTEN TUNA CRANBERRY 24X400G  ,3,3.0
MTOP KITTEN TUNA CRANBERRY 24X400G  ,4,1.0
MTOP MACKAREL SEAFOOD 24X400G  ,3,1.0
MTOP MACKAREL TUNA FLAKES 24X400G  ,1,2.95
MTOP MACKAREL TUNA FLAKES 24X400G  ,3,1.0
MTOP OCEAN FISH 24X400G  ,3,1.0
MTOP SACHET 3 FISH SMOKED TUNA 85G X24  ,2,2.05
MTOP SACHET 3 FISH SMOKED TUNA 85G X24  ,3,1.0
MTOP SACHET 3FISH OCEAN FISH W/CR 85X24G  ,2,2.05
MTOP SACHET 3FISH OCEAN FISH W/CR 85X24G  ,3,1.0
MTOP SACHET KITTEN 3FISH BONITO 85X 24G  ,1,1.0
MTOP SACHET KITTEN 3FISH BONITO 85X 24G  ,2,2.0
MTOP SACHET KITTEN 3FISH SALMON 85 X24G  ,1,1.0
MTOP SACHET KITTEN 3FISH SALMON 85 X24G  ,2,1.0
MTOP SACHET KITTEN 3FISH SALMON 85 X24G  ,3,1.0
MTOP SACHET KITTEN TUNA & CHIC W/GOAT MILK 85 X 24G  ,1,24.07
MTOP SACHET KITTEN TUNA & CHIC W/GOAT MILK 85 X 24G  ,2,14.35
MTOP SACHET KITTEN TUNA & CHIC W/GOAT MILK 85 X 24G  ,3,3.01
MTOP SACHET KITTEN TUNA & CHIC W/GOAT MILK 85 X 24G  ,4,6.73
MTOP SACHET KITTEN TUNA & SALMON W/GOAT MILK 85X24G  ,1,2.0
MTOP SACHET KITTEN TUNA & SALMON W/GOAT MILK 85X24G  ,3,8.54
MTOP SACHET KITTEN TUNA W/GOAT MILK 85 X24G  ,1,2.0
MTOP SACHET KITTEN TUNA W/GOAT MILK 85 X24G  ,2,1.0
MTOP SACHET KITTEN TUNA W/GOAT MILK 85 X24G  ,3,3.01
MTOP SACHET TUNA & BEEF W/GOAT MILK 85 X 24G  ,1,1.0
MTOP SACHET TUNA & BEEF W/GOAT MILK 85 X 24G  ,2,4.05
MTOP SACHET TUNA & BEEF W/GOAT MILK 85 X 24G  ,3,1.0
MTOP SACHET TUNA & BEEF W/GOAT MILK 85 X 24G  ,4,5.24
MTOP SACHET TUNA & CHIC W/MILK GOAT 85 X 24G  ,2,7.54
MTOP SACHET TUNA & CHIC W/MILK GOAT 85 X 24G  ,3,1.0
MTOP SACHET TUNA W/GOAT MILK 85 X24G  ,1,1.0
MTOP SACHET TUNA W/GOAT MILK 85 X24G  ,2,2.05
MTOP SACHET TUNA W/GOAT MILK 85 X24G  ,3,25.09
MTOP SARDINES CHICKEN 24X400G  ,3,2.0
MTOP SARDINES CRAB MEAT 24X400G  ,3,1.0
MTOP TRIPL3 FISH ANCHOVY GOAT MILK 24X400G  ,2,1.0
MTOP TRIPL3 FISH ANCHOVY GOAT MILK 24X400G  ,3,1.0
MTOP TRIPL3 FISH SALMON CRANBERRY 24X400G  ,1,1.0
MTOP TUNA & CHEESE GOAT MILK 24X400G  ,3,5.0
MTOP TUNA & CHICKEN CRANBERRY 24X400G  ,1,8.85
MTOP TUNA & CHICKEN CRANBERRY 24X400G  ,2,2.9699999999999998
MTOP TUNA & CHICKEN CRANBERRY 24X400G  ,3,1.0
MTOP TUNA & SALMON CRANBERRY 24X400G  ,3,1.0
MTOP TUNA & SHRIMP CRANBERRY 24X400G  ,3,1.0
MTOP TUNA & SMOKED TUNA GOAT MILK 24X400G  ,3,3.96
MTOP TUNA MACKAREL GOAT MILK 24X400G  ,1,1.0
MTOP TUNA MACKAREL GOAT MILK 24X400G  ,3,2.0
NATURE BRIDGE CAT BEAUTY CLASSIC  ,4,1.0
NATURE BRIDGE DOG POODLE ADULT  ,3,1.0
NATURE BRIDGE DOG POODLE PUPPY  ,3,1.02
NATURE BRIDGE DOG POODLE PUPPY  ,4,1.03
NATURE BRIDGE DOG SMALL BREED ADULT  ,4,1.05
NATURE BRIDGE FAST RECOVERY & IMMUNE 190GR  ,3,2.0
NATURE BRIDGE FAST RECOVERY & IMMUNE 190GR  ,4,4.0
NATURE BRIDGE FAST RECOVERY & IMMUNE FLUID 190GR  ,1,1.97
NATURE BRIDGE FAST RECOVERY & IMMUNE FLUID 190GR  ,4,1.0
"OLEKAT SALMON @1KG, @ 20KG  ",3,1.0
"OLEKAT SEAFOOD @1KG, @ 20KG  ",1,1.0
"OMEGA ADULT SEAFOOD FLAVOR @ 1KG, @ 20KG  ",1,5.02
"OMEGA ADULT SEAFOOD FLAVOR @ 1KG, @ 20KG  ",2,10.19
"OMEGA ADULT SEAFOOD FLAVOR @ 1KG, @ 20KG  ",3,27.97
"OMEGA ADULT SEAFOOD FLAVOR @ 1KG, @ 20KG  ",4,1.0
"OMEGA ADULT TUNA FLAVOR @ 1KG, @ 20KG  ",1,1.0
"OMEGA ADULT TUNA FLAVOR @ 1KG, @ 20KG  ",2,2.0
"OMEGA ADULT TUNA FLAVOR @ 1KG, @ 20KG  ",3,6.09
OPTIVAR 15 ML  ,2,1.0
OPTIVAR 15 ML  ,3,4.0
OPTIVAR 15 ML  ,4,1.0
PAKAN BEAUTY BIASA 20KG  ,1,13.059999999999999
PAKAN BEAUTY BIASA 20KG  ,2,10.15
PAKAN BEAUTY BIASA 20KG  ,3,30.12
PAKAN BEAUTY BIASA 20KG  ,4,6.1
PAKAN BEAUTY GOLD 15KG  ,1,1.96
PAKAN BEAUTY GOLD 15KG  ,2,7.92
PAKAN BEAUTY GOLD 15KG  ,3,7.92
PAKAN BEAUTY GOLD 15KG  ,4,1.96
"PAKAN BOLT CAT KUNING ( TUNA ) @ 1KG, @ 20KG  ",1,7.32
"PAKAN BOLT CAT KUNING ( TUNA ) @ 1KG, @ 20KG  ",2,6.98
"PAKAN BOLT CAT KUNING ( TUNA ) @ 1KG, @ 20KG  ",3,6.98
"PAKAN BOLT CAT PINK (SALMON) @ 1KG, @ 20KG  ",1,5.97
"PAKAN BOLT CAT PINK (SALMON) @ 1KG, @ 20KG  ",2,3.0
"PAKAN BOLT CAT PINK (SALMON) @ 1KG, @ 20KG  ",3,3.99
"PAKAN BOLT CAT PINK (SALMON) @ 1KG, @ 20KG  ",4,7.96
"PAKAN BOLT CAT UNGU ( TUNA ) @1KG,@ 20KG  ",1,4.99
"PAKAN BOLT CAT UNGU ( TUNA ) @1KG,@ 20KG  ",2,14.24
"PAKAN BOLT CAT UNGU ( TUNA ) @1KG,@ 20KG  ",3,34.31
"PAKAN BOLT CAT UNGU ( TUNA ) @1KG,@ 20KG  ",4,23.11
"PAKAN BOLT DOG (BEEF) @ 1KG, @ 20KG  ",1,3.0
"PAKAN BOLT DOG (BEEF) @ 1KG, @ 20KG  ",2,2.0
"PAKAN BOLT DOG (BEEF) @ 1KG, @ 20KG  ",3,7.0600000000000005
"PAKAN BOLT DOG (BEEF) @ 1KG, @ 20KG  ",4,14.24
PAKAN CAMPUR MIK 1KG  ,3,5.99
PAKAN CHESTER  ,3,2.0
PAKAN HIRO M2 1KG  ,1,1.01
PAKAN HIRO M2 1KG  ,3,1.0
PAKAN IRUKA CAT ALL STAGE 300G  ,2,1.99
PAKAN IRUKA CAT ALL STAGE 300G  ,3,15.97
PAKAN IRUKA CAT ALL STAGE 300G  ,4,2.0
PAKAN IRUKA CAT URINARY 300G  ,1,1.0
PAKAN IRUKA CAT URINARY 300G  ,3,4.0
PAKAN IRUKA CAT URINARY 300G  ,4,1.0
PARTY MIX CAT BEACHSIDE 60GR  ,3,3.0
PARTY MIX CAT BEACHSIDE 60GR  ,4,1.0
PARTY MIX CAT ORIGINAL 60GR CLACIC  ,3,2.0
PARTY MIX MIXED GRILLED 60GR  ,3,1.0
PARTY MIX MIXED GRILLED 60GR  ,4,1.0
PASIR LOVESAND APEL 10L  ,2,1.0
PASIR LOVESAND APEL 10L  ,3,3.0
PASIR LOVESAND APEL 20KG  ,2,2.0
PASIR LOVESAND APEL 20KG  ,3,1.0
PASIR LOVESAND APEL 5L  ,4,2.0
PASIR LOVESAND KOPI 10L  ,2,1.0
PASIR LOVESAND KOPI 10L  ,3,1.0
PASIR LOVESAND KOPI 10L  ,4,1.0
PASIR LOVESAND KOPI 20KG  ,1,1.0
PASIR LOVESAND KOPI 20KG  ,2,1.0
PASIR LOVESAND KOPI 20KG  ,3,3.0
PASIR LOVESAND KOPI 5L  ,2,1.0
PASIR LOVESAND KOPI 5L  ,3,2.0
PASIR LOVESAND LAVENDER 10L  ,2,1.0
PASIR LOVESAND LAVENDER 10L  ,3,2.0
PASIR LOVESAND LAVENDER 10L  ,4,2.0
PASIR LOVESAND LAVENDER 20L  ,4,1.0
PASIR LOVESAND LEMON 10L  ,4,1.0
PASIR LOVESAND LEMON 5L  ,3,1.0
PASIR LOVESAND ROSE 20KG  ,4,2.04
PASIR MALANG HITAM @2.5KG  ,3,2.93
PASIR MALANG HITAM @5KG  ,3,8.73
PASIR MALANG MERAH @5KG  ,3,3.47
PASIR MARKOTOP APPLE 25 LTR  ,3,1.0
"PASIR MARKOTOP APPLE 5,5 LTR  ",1,1.01
"PASIR MARKOTOP APPLE 5,5 LTR  ",2,1.0
"PASIR MARKOTOP APPLE 5,5 LTR  ",4,1.0
PASIR MARKOTOP CAPPUCCINO 10 LTR  ,1,1.0
PASIR MARKOTOP CAPPUCCINO 10 LTR  ,3,2.0
PASIR MARKOTOP CAPPUCCINO 25 LTR  ,2,1.0
PASIR MARKOTOP CAPPUCCINO 25 LTR  ,3,1.0
PASIR MARKOTOP LAVENDER 25 LTR  ,3,1.0
PASIR MARKOTOP LAVENDER 25 LTR  ,4,2.0
PASIR MARKOTOP LEMON 25 LTR  ,2,2.94
PASIR MARKOTOP LEMON 25 LTR  ,3,1.0
PASIR MAXI MOCHA 30KG  ,3,1.0
PASIR MAXI MOCHA 30KG  ,4,1.0
PASIR REPACK 2KG  ,4,1.0
PASIR SENIOR APEL 5L IKOONA  ,2,1.0
PASIR SENIOR APEL 5L IKOONA  ,3,3.0
PASIR SENIOR APPLE 10L  ,1,2.0
PASIR SENIOR APPLE 10L  ,3,2.0
PASIR SENIOR APPLE 10L IKOONA  ,2,2.0
PASIR SENIOR APPLE 10L IKOONA  ,3,1.0
PASIR SENIOR APPLE 20 KG  ,1,1.0
PASIR SENIOR APPLE 20 KG  ,2,1.0
PASIR SENIOR APPLE 20 KG IKOONA  ,3,6.0
PASIR SENIOR APPLE 20 KG IKOONA  ,4,4.0
PASIR SENIOR APPLE 5L  ,1,1.0
PASIR SENIOR COFFE 10L IKOONA  ,2,3.91
PASIR SENIOR COFFE 10L IKOONA  ,3,7.0
PASIR SENIOR COFFE 10L IKOONA  ,4,3.0
PASIR SENIOR COFFE 20 KG IKOONA  ,2,2.84
PASIR SENIOR COFFE 20 KG IKOONA  ,3,14.92
PASIR SENIOR COFFE 20 KG IKOONA  ,4,8.95
PASIR SENIOR COFFE 5L IKOONA  ,3,3.0
PASIR SENIOR COFFE 5L IKOONA  ,4,1.0
PASIR SENIOR COFFEE 10L  ,1,6.0
PASIR SENIOR COFFEE 10L  ,2,2.0
PASIR SENIOR COFFEE 10L  ,4,1.0
PASIR SENIOR COFFEE 20 KG  ,1,7.0
PASIR SENIOR COFFEE 20 KG  ,2,8.969999999999999
PASIR SENIOR COFFEE 5L  ,1,3.0
PASIR SENIOR COFFEE 5L  ,2,1.52
PASIR SENIOR LAVENDER 10L  ,1,3.0
PASIR SENIOR LAVENDER 10L  ,2,1.0
PASIR SENIOR LAVENDER 10L IKOONA  ,3,4.0
PASIR SENIOR LAVENDER 10L IKOONA  ,4,3.0
PASIR SENIOR LAVENDER 20 KG  ,1,5.86
PASIR SENIOR LAVENDER 20 KG  ,2,6.92
PASIR SENIOR LAVENDER 20 KG  ,3,1.0
PASIR SENIOR LAVENDER 20 KG IKOONA  ,2,1.0
PASIR SENIOR LAVENDER 20 KG IKOONA  ,3,11.6
PASIR SENIOR LAVENDER 20 KG IKOONA  ,4,6.82
PASIR SENIOR LAVENDER 5L  ,1,1.0
PASIR SENIOR LAVENDER 5L  ,2,1.0
PASIR SENIOR LAVENDER 5L IKOONA  ,3,3.0
PASIR SENIOR LAVENDER 5L IKOONA  ,4,3.0
PASIR SENIOR LEMON 10L  ,2,1.0
PASIR SENIOR LEMON 10L IKOONA  ,4,3.0
PASIR SENIOR LEMON 20 KG  ,1,3.0
PASIR SENIOR LEMON 20 KG  ,2,1.0
PASIR SENIOR LEMON 20 KG IKOONA  ,2,1.0
PASIR SENIOR LEMON 20 KG IKOONA  ,3,2.0
PASIR SENIOR LEMON 5L  ,2,1.0
PASIR SENIOR LEMON 5L  ,4,1.0
PASIR SENIOR LEMON 5L IKOONA  ,3,4.0
PASIR SENIOR LEMON 5L IKOONA  ,4,1.0
PASIR SENIOR ROSE 10L  ,1,1.0
PASIR SENIOR ROSE 10L IKOONA  ,2,1.0
PASIR SENIOR ROSE 10L IKOONA  ,3,1.0
PASIR SENIOR ROSE 20 KG  ,3,1.0
PASIR SENIOR ROSE 20 KG IKOONA  ,3,3.0
PASIR SENIOR ROSE 20 KG IKOONA  ,4,7.78
PASIR SENIOR ROSE 5L  ,3,1.0
PASIR SENIOR ROSE 5L IKOONA  ,3,2.0
PASIR SENIOR ROSE 5L IKOONA  ,4,2.0
PASIR TOFU 6 LTR LAVENDER  ,2,2.0
PASIR TOFU 6 LTR ORIGINAL  ,3,2.0
PASIR TOFU 6 LTR PEACH  ,1,1.0
PASIR TOFU 6 LTR PEACH  ,2,2.0
PASIR TOFU 6 LTR PEACH  ,3,3.0
PASIR TOFU 6 LTR TAO-TAO  ,1,1.0
PASIR TOFU 6 LTR TAO-TAO  ,2,6.82
PASIR TOFU 6 LTR TAO-TAO  ,3,3.0
PASIR TOFU 6 LTR TAO-TAO  ,4,2.0
PEDIATRIC GROWTH 2KG  ,2,1.99
PEDIATRIC GROWTH 2KG  ,3,1.0
PEDIGREE BEEF & VEG 20KG  ,1,1.01
PEDIGREE BEEF & VEG 20KG  ,3,3.0
PEDIGREE BEEF & VEG 3KG  ,1,2.0
PEDIGREE BEEF & VEG 3KG  ,2,1.0
PEDIGREE BEEF & VEG 3KG  ,3,2.0
PEDIGREE BEEF & VEG 500GR  ,2,2.0
PEDIGREE BEEF & VEG 500GR  ,3,2.0
PEDIGREE BEEF & VEG 500GR  ,4,2.0
PEDIGREE BEEF CAN 700G  ,3,10.49
PEDIGREE BEEF CAN 700G  ,4,7.86
PEDIGREE CHICKEN & VEG 1.5KG  ,3,2.0
PEDIGREE CHICKEN & VEG 1.5KG  ,4,2.0
PEDIGREE CHICKEN 500GR  ,2,1.0
PEDIGREE DENSTATIX CHEWY CHUNX MAXI 68GR  ,1,2.0
PEDIGREE DENSTATIX CHEWY CHUNX MAXI 68GR  ,3,2.0
PEDIGREE DENSTATIX CHEWY CHUNX MINI 68GR  ,1,1.0
PEDIGREE DENSTATIX CHEWY CHUNX MINI 68GR  ,3,1.0
PEDIGREE DENSTATIX SMOKED BEEF MED 98GR  ,1,1.0
PEDIGREE DENSTATIX SMOKED BEEF MED 98GR  ,2,2.0
PEDIGREE DENSTATIX SMOKED BEEF MED 98GR  ,4,1.0
PEDIGREE DENTASTIX MEDIUM 98GR  ,1,2.0
PEDIGREE DENTASTIX MEDIUM 98GR  ,3,1.0
PEDIGREE DENTASTIX PUPPY 56GR  ,1,1.0
PEDIGREE DENTASTIX PUPPY 56GR  ,2,2.0
PEDIGREE DENTASTIX PUPPY 56GR  ,3,4.0
PEDIGREE DENTASTIX PUPPY 56GR  ,4,3.0
PEDIGREE DENTASTIX SMALL 75GR  ,1,3.0
PEDIGREE DENTASTIX SMALL 75GR  ,2,3.0
PEDIGREE DENTASTIX SMALL 75GR  ,3,2.0
PEDIGREE DENTASTIX VP MEDIUM 344GR  ,2,1.0
PEDIGREE DENTASTIX VP MEDIUM 344GR  ,3,8.0
PEDIGREE DENTASTIX VP MEDIUM 344GR  ,4,6.93
PEDIGREE DENTASTIX VP REG SMALL 210GR  ,2,1.0
PEDIGREE DENTASTIX VP REG SMALL 210GR  ,3,3.98
PEDIGREE DENTASTIX VP REG SMALL 210GR  ,4,1.0
PEDIGREE GOOD CHEWY BEEF L 138GR  ,2,1.0
PEDIGREE GOOD CHEWY BEEF S 53GR  ,1,3.0
PEDIGREE GOOD CHEWY BEEF S 53GR  ,2,1.0
PEDIGREE GOOD CHEWY BEEF S 53GR  ,4,1.0
PEDIGREE HIGH PROTEIN ADULT M&L 1.5KG  ,3,2.0
PEDIGREE HIGH PROTEIN ADULT M&L 3KG  ,2,1.01
PEDIGREE HIGH PROTEIN ADULT M&L 3KG  ,3,2.02
PEDIGREE HIGH PROTEIN PUPPY 1.3KG  ,4,1.0
PEDIGREE MEAT JERKY ST GRILLED LIVER 80  ,3,17.5
PEDIGREE MEAT JERKY STRAP BBQ CHICKEN 80GR  ,3,3.18
PEDIGREE MEAT JERKY STRAP BBQ CHICKEN 80GR  ,4,1.99
PEDIGREE MEAT JERKY STRAP LIVER 80GR  ,2,1.0
PEDIGREE MEAT JERKY STRAP LIVER 80GR  ,3,4.0
PEDIGREE MEAT JERKY STRAP LIVER 80GR  ,4,1.0
PEDIGREE MEAT JERKY STRAP VP SB 300GR  ,1,2.0
PEDIGREE MEAT JERKY STRAP VP SB 300GR  ,2,1.0
PEDIGREE MEAT JERKY STRAP VP SB 300GR  ,3,3.0
PEDIGREE PDG BEEF 400G  ,1,4.0
PEDIGREE PDG BEEF 400G  ,2,2.99
PEDIGREE PDG BEEF 400G  ,3,4.94
PEDIGREE PDG CHICKEN 400GR  ,1,1.0
PEDIGREE PDG CHICKEN 400GR  ,2,2.99
PEDIGREE PDG CHICKEN 400GR  ,3,3.99
PEDIGREE POUCH BEEF 130GR  ,2,9.16
PEDIGREE POUCH BEEF 130GR  ,3,2.0
PEDIGREE POUCH BEEF 130GR  ,4,3.99
PEDIGREE POUCH BEEF GRAVY 80GR  ,1,1.0
PEDIGREE POUCH BEEF GRAVY 80GR  ,2,7.779999999999999
PEDIGREE POUCH CHICKEN & GRILLED VEG 80G  ,2,7.34
PEDIGREE POUCH CHICKEN & GRILLED VEG 80G  ,3,12.51
PEDIGREE POUCH CHICKEN & GRILLED VEG 80G  ,4,24.65
PEDIGREE POUCH PUPPY BEEF EGG LOAF 80GR  ,1,1.0
PEDIGREE POUCH PUPPY BEEF EGG LOAF 80GR  ,2,9.0
PEDIGREE POUCH PUPPY BEEF EGG LOAF 80GR  ,3,9.129999999999999
PEDIGREE POUCH PUPPY BEEF EGG LOAF 80GR  ,4,8.01
PEDIGREE POUCH PUPPY CHICKEN 130GR  ,2,7.23
PEDIGREE POUCH PUPPY CHICKEN 130GR  ,3,4.29
PEDIGREE POUCH PUPPY CHICKEN 130GR  ,4,7.34
PEDIGREE POUCH SIMMERED BEEF VEG 80GR  ,1,2.0
PEDIGREE POUCH SIMMERED BEEF VEG 80GR  ,2,9.92
PEDIGREE POUCH SIMMERED BEEF VEG 80GR  ,3,5.92
PEDIGREE POUCH SIMMERED BEEF VEG 80GR  ,4,6.09
PEDIGREE PUPPY 1.3KG FREE 1 PD TASTY BITE  ,1,3.0
PEDIGREE PUPPY 1.3KG FREE 1 PD TASTY BITE  ,2,2.0
PEDIGREE PUPPY 1.3KG FREE 1 PD TASTY BITE  ,3,5.0
PEDIGREE PUPPY CHICKEN & EGG 400GR  ,2,1.0
PEDIGREE PUPPY CHICKEN & EGG 400GR  ,3,1.0
PEDIGREE PUPPY NEW 400GR  ,2,1.0
PEDIGREE PUPPY NEW 400GR  ,3,2.99
PEDIGREE SB BEEF 1.3KIG FREE TASTY BITE  ,1,1.0
PEDIGREE SB BEEF 1.3KIG FREE TASTY BITE  ,2,1.0
PEDIGREE SB CHICKEN 1.3KG FREE TASTY BITE  ,3,1.0
PEDIGREE TREATS JERKY LAMB FLAVOR 80  ,1,1.0
PEDIGREE TREATS JERKY LAMB FLAVOR 80  ,2,1.0
PEDIGREE TREATS JERKY LAMB FLAVOR 80  ,3,3.0
PEDIGREE TREATS JERKY LAMB FLAVOR 80  ,4,1.99
PEDIGREE TREATS JERKY SMOKED BEEF FLY 80  ,1,1.0
PEDIGREE TREATS JERKY SMOKED BEEF FLY 80  ,2,2.88
PEDIGREE TREATS JERKY SMOKED BEEF FLY 80  ,3,5.17
PENUTUP MAKANAN KALENG  ,1,1.0
PENUTUP MAKANAN KALENG  ,2,3.0
PENUTUP MAKANAN KALENG  ,3,3.0
PENUTUP MAKANAN KALENG  ,4,5.0
PERSIAN  2 KG  ,1,1.0
PERSIAN  2 KG  ,3,1.0
PERSIAN  2 KG  ,4,2.0
PERSIAN  4 KG  ,2,1.0
PERSIAN  4 KG  ,3,2.0
PERSIAN  400 GR  ,1,2.17
PERSIAN  400 GR  ,2,1.98
PERSIAN  400 GR  ,3,1.0
PERSIAN ADULT 12 X 85 GR  ,2,2.02
PERSIAN ADULT 12 X 85 GR  ,3,1.0
PET AUTO FEEDING FOOD & FEEDER FOOD MOTIF CAT  ,4,2.79
PET BACKPACK (GENDONG) COLORFUL L  ,2,1.0
PET BACKPACK (GENDONG) COLORFUL L  ,3,1.0
PET BACKPACK (GENDONG) COLORFUL L  ,4,1.0
PET BACKPACK (GENDONG) COLORFUL M  ,4,1.0
PET BACKPACK (GENDONG) COLORFULL MOTIF L  ,2,1.0
PET BACKPACK (GENDONG) COLORFULL MOTIF L  ,4,1.0
PET BAG FOLDABLE SIZE L TRANSPARAN  ,1,1.0
PET BAG FOLDABLE SIZE L TRANSPARAN  ,2,1.0
PET BAG FOLDABLE SIZE L TRANSPARAN  ,3,1.0
PET BAG PORTABLE & FOLDABLE SIZE S  ,3,1.0
PET BATH GLOVES  ,1,2.0
PET BATH GLOVES  ,3,3.0
PET BATH GLOVES  ,4,1.0
PET BATH GLOVES DOUBLE SIDED  ,2,1.0
PET BATH GLOVES DOUBLE SIDED  ,3,1.0
PET BATH RUBBER GLOVES BLUE  ,3,1.0
PET BATH SHAMPOO BORAMMY 500 ML ANTI FLEA  ,2,1.0
PET BATH SHAMPOO BORAMMY 500 ML CONDITIONER  ,2,1.0
PET BATH SHAMPOO BORAMMY 500 ML FOR BACTERI  ,2,2.0
PET BATH SHAMPOO BORAMMY 500 ML FOR CATS  ,4,1.0
PET BATH SHAMPOO BORAMMY 500 ML FOR NOURISHING  ,3,1.0
PET BATH SHAMPOO BORAMMY 500 ML FOR RED & BROWN HAIR  ,1,1.01
PET BATH SHAMPOO BORAMMY 500 ML FOR RED & BROWN HAIR  ,4,1.01
PET BATH SHAMPOO DORRIKEY 510 ML BACTERIA  ,1,1.01
PET BATH SHAMPOO DORRIKEY 510 ML BACTERIA  ,2,1.0
PET BATH SHAMPOO DORRIKEY 510 ML BACTERIA  ,3,7.98
PET BATH SHAMPOO DORRIKEY 510 ML FOR CAT  ,1,3.01
PET BATH SHAMPOO DORRIKEY 510 ML FOR CAT  ,2,1.0
PET BATH SHAMPOO DORRIKEY 510 ML FOR CAT  ,3,2.01
PET BATH SHAMPOO DORRIKEY 510 ML FOR CAT  ,4,2.0
PET BATH SHAMPOO DORRIKEY 510 ML FOR FLEA  ,1,3.02
PET BATH SHAMPOO DORRIKEY 510 ML FOR FLEA  ,2,1.0
PET BATH SHAMPOO DORRIKEY 510 ML FOR FLEA  ,3,1.0
PET BATH SHAMPOO DORRIKEY 510 ML FOR FLEA  ,4,1.0
PET BATH SHAMPOO DORRIKEY 510 ML FOR NOURISHING  ,1,1.0
PET BATH SHAMPOO DORRIKEY 510 ML HAIR RED & BROWN  ,1,1.0
PET BATH SHAMPOO DORRIKEY 510 ML HAIR RED & BROWN  ,3,6.0
PET BATH SHAMPOO DORRIKEY 510 ML WHITE HAIR  ,1,1.01
PET BED KENNEL GREY CARTOON SIZE M ( 55X42X22)  ,3,1.0
PET BISCUITS DOGI LUSCIOUS 220GR  ,1,1.0
PET BISCUITS DOGI LUSCIOUS 220GR  ,2,1.01
PET BISCUITS DOGI LUSCIOUS 220GR  ,3,1.0
PET BISCUITS DOGI LUSCIOUS 450 GR  ,3,1.0
PET BLANKET COTTON VELVET PAD L  ,4,1.0
PET BLANKET COTTON VELVET PAD M  ,3,1.0
PET BODY HARNESS SIZE M  ,3,1.0
PET BOTTLE CUP DRINKING  ,1,1.0
PET BOWL HANGING ROUND SMALL  ,2,1.0
PET BOWL S/S HANGING ROUND SMALL  ,1,1.0
PET BOWL S/S HANGING ROUND SMALL  ,2,1.0
PET BOWL S/S HANGING SQUARE LARGE  ,1,2.0
PET BRUSH HAIR CLEANER  ,1,4.0
PET BRUSH HAIR CLEANER  ,3,2.0
PET CANVAS KENNEL (BULAT) LARGE  ,1,1.0
PET CANVAS KENNEL (BULAT) LARGE  ,2,2.0
PET CANVAS KENNEL (BULAT) LARGE  ,3,1.0
PET CANVAS KENNEL (BULAT) MEDIUM  ,2,1.0
PET CANVAS KENNEL (BULAT) MEDIUM  ,3,1.0
PET CANVAS KENNEL (PETAK) M  ,3,1.0
PET CANVAS KENNEL (PETAK) XL  ,3,1.01
PET CARE WIPES 40PCS  ,4,1.0
PET CARGO JUMBO PREMIUM  ,3,1.0
PET CARGO OPEN TOP  ,2,1.0
PET CARGO UK 48 BIASA  ,4,1.0
PET CAT HOUSE MOTIF SEGITIGA XL  ,3,1.0
PET CERAMIC NEST HAMSTER  ,4,1.0
PET CHEST 1 X 0.6CM  ,1,1.0
PET CHEST 1.2 X 0.8CM  ,1,1.0
PET CHEST AND BACK COTTON BEAR 1 CM  ,1,2.0
PET CHEST AND BACK COTTON BEAR 1 CM  ,2,1.0
PET CHEST AND BACK ROPE CLOTH 1 CM  ,3,2.01
"PET CHEST AND BACK ROPE CLOTH 1,5 CM  ",3,1.0
"PET CHEST AND BACK ROPE CLOTH 1,5 CM  ",4,1.0
"PET CHEST AND BACK ROPE CLOTH 2,5 CM  ",3,1.0
"PET CHEST STRAP PITA LARGE 1,5 CM  ",1,1.0
"PET CHEST STRAP PITA LARGE 1,5 CM  ",3,2.0
PET CHEST STRAP PITA SMALL 1 CM  ,4,1.0
PET CLOTHES SWEATER STAR SML  ,1,1.0
PET CLOTHES SWEATER STAR SML  ,2,2.0
PET CLOTHES SWEATER STAR SML  ,3,4.0
PET CLOTHES SWEATER STAR SML  ,4,2.0
PET COLAR NYLON TAO-TAO 1.5 CM  ,3,1.0
PET COLAR NYLON TAO-TAO 2 CM  ,1,2.03
PET COLAR NYLON TAO-TAO 2 CM  ,3,1.0
PET COLLAR 30 CM FOOTPRINT  ,4,1.0
PET COLLAR BELL 1X 32  ,4,1.0
PET COLLAR BELL NYLON 1 CM PACK (3 PCS)  ,1,3.0
PET COLLAR BELL NYLON 1 CM PACK (3 PCS)  ,3,2.0
PET COLLAR BIASA  ,1,1.0
PET COLLAR CAMELLIA FLOWER  ,4,1.0
PET COLLAR COLOURFULL PANDA UK 1.5 CM  ,1,1.0
PET COLLAR COLOURFULL PANDA UK 1.5 CM  ,2,1.0
PET COLLAR COLOURFULL PANDA UK 2 CM  ,1,1.0
PET COLLAR COLOURFULL PANDA UK 2 CM  ,3,1.8
PET COLLAR COLOURFULL PANDA UK 2.5 CM  ,2,1.0
PET COLLAR COLOURFULL PITA HW  ,1,1.0
PET COLLAR COLOURFULL PITA HW  ,2,6.0
PET COLLAR COLOURFULL PITA HW  ,3,2.0
PET COLLAR COLOURFULL PITA HW  ,4,2.0
PET COLLAR FOOTPRINT @12 PCS (PACK)  ,1,1.0
PET COLLAR FOOTPRINT @12 PCS (PACK)  ,2,6.220000000000001
PET COLLAR FOOTPRINT @12 PCS (PACK)  ,3,9.24
PET COLLAR FOOTPRINT @12 PCS (PACK)  ,4,8.2
PET COLLAR LEASH LEATHER 2.5CM  ,2,2.0
PET COLLAR NYLON 1.5CM PACK (3PCS)  ,2,1.0
PET COLLAR NYLON DOUBLE LAYER TAOTAO S  ,1,1.0
PET COLLAR NYLON PATTERN CAT FACE 1 CM  ,1,3.0
PET COLLAR NYLON PATTERN CAT FACE 1 CM  ,2,1.0
PET COLLAR NYLON PATTERN CAT FACE 1 CM  ,3,4.99
PET COLLAR NYLON PATTERN CAT FACE 1 CM  ,4,1.0
PET COLLAR NYLON TAO-TAO 1.5 CM  ,2,1.0
PET COLLAR NYLON TAO-TAO 1.5 CM  ,3,2.0
PET COLLAR NYLON TAO-TAO 2 CM  ,1,2.0
PET COLLAR NYLON TAO-TAO 2.5 CM  ,2,1.0
PET COLLAR NYLON TAO-TAO 3 CM  ,1,1.0
PET COLLAR NYLON TAO-TAO 3 CM  ,3,1.0
PET COLLAR NYLON TAO-TAO 4 CM  ,4,1.01
PET COLLAR PITA  ,1,1.0
PET COLLAR PITA  ,3,1.0
PET COLLAR PUNK STYLE UK 63 X 3.5 CM  ,2,1.01
"PET COLLAR STAR BELL S, M, L  ",1,1.0
"PET COLLAR STAR BELL S, M, L  ",3,2.0
PET COLLAR SUN FLOWER  ,3,2.0
PET COLLAR SUNFLOWER ANTI BITE PROTECTIV L(9-13KG)  ,2,1.0
PET COLLAR SUNFLOWER ANTI BITE PROTECTIV M(5-9KG)  ,2,1.0
PET COLLAR SUNFLOWER ANTI BITE PROTECTIV M(5-9KG)  ,3,2.0
PET COLLAR SUNFLOWER ANTI BITE PROTECTIV S (3-5KG)  ,2,1.0
PET COLLAR SUNFLOWER ANTI BITE PROTECTIV S (3-5KG)  ,3,2.0
PET COLLAR SUNFLOWER ANTI BITE PROTECTIV XS(1-2KG)  ,4,1.0
PET COMB AUTOMATIC BS  ,1,2.0
PET COMB AUTOMATIC BS  ,2,2.0
PET COMB AUTOMATIC BS  ,3,1.0
PET COMB AUTOMATIC BS  ,4,1.0
PET COMB AUTOMATIC S/S  ,2,1.0
PET COMB AUTOMATIC S/S  ,3,1.0
PET COMB BEAUTY STYLING HAIR PIPITAO  ,2,1.0
PET COMB BEAUTY STYLING HAIR PIPITAO  ,3,5.0
PET COMB BEAUTY STYLING HAIR PIPITAO  ,4,1.0
PET COMB BRUSH DOUBLE SIDE SMALL  ,1,1.0
PET COMB BRUSH DOUBLE SIDE SMALL  ,4,1.0
PET COMB BRUSH TRUMPET LARGE  ,2,1.0
PET COMB BRUSH TRUMPET LARGE  ,3,1.0
PET COMB BRUSH WARNA-WARNI TAOTAO  ,1,1.0
PET COMB BRUSH WARNA-WARNI TAOTAO  ,2,1.0
PET COMB DOUBLE SIDE BLACK HANDLE  ,1,1.0
PET COMB GAGANG PINK & BIRU LARGE  ,2,1.0
PET COMB HAIR EAR CAT  ,1,2.0
PET COMB HAIR EAR CAT  ,2,1.0
PET COMB HAIR EAR CAT  ,4,1.0
PET COMB NEEDLE ATAU SISIR KUTU TAO-TAO  ,1,2.0
PET COMB SELF CLEANING  CAT EAR  ,1,1.0
PET COMB SELF CLEANING  CAT EAR  ,2,1.0
PET COMB SELF CLEANING  CAT EAR  ,3,1.0
PET COMB SELF CLEANING  CAT EAR  ,4,3.0
PET COMB STEEL TAO-TAO SMALL  ,1,1.0
PET COMB STEEL TAO-TAO SMALL  ,3,1.0
PET COTTON STRIPED VEST SML  ,1,5.0
PET COTTON STRIPED VEST SML  ,2,2.03
PET COTTON STRIPED VEST SML  ,3,3.05
PET COTTON STRIPED VEST SML  ,4,1.0
PET CREAM MODLOL 100 GR  ,4,1.0
PET DIAPER BLUE L 60 X 60 CM  @3PCS @40PCS  ,1,72.35
PET DIAPER BLUE L 60 X 60 CM  @3PCS @40PCS  ,3,2.0
PET DIAPER BLUE L 60 X 60 CM  @3PCS @40PCS  ,4,2.0
PET DIAPER BLUE M 45 X 60 CM @4PCS @50PCS  ,1,142.47
PET DIAPER BLUE M 45 X 60 CM @4PCS @50PCS  ,2,82.84
PET DIAPER BLUE M 45 X 60 CM @4PCS @50PCS  ,3,3.0
PET DIAPER BLUE M 45 X 60 CM @4PCS @50PCS  ,4,3.0
PET DIAPER BLUE S 33 X 45 CM @5PCS @100PCS  ,1,1.0
PET DIAPER BLUE S 33 X 45 CM @5PCS @100PCS  ,3,77.0
PET DIAPER BLUE S 33 X 45 CM @5PCS @100PCS  ,4,1.0
"PET DIAPER BLUE XL 60X90 CM @2 PCS,@ 20 PCS  ",1,2.98
"PET DIAPER BLUE XL 60X90 CM @2 PCS,@ 20 PCS  ",2,4.47
"PET DIAPER BLUE XL 60X90 CM @2 PCS,@ 20 PCS  ",3,4.72
"PET DIAPER BLUE XL 60X90 CM @2 PCS,@ 20 PCS  ",4,1.29
PET DIAPER FEMALE SIZE L (8-14 KG)  ,2,1.0
PET DIAPER FEMALE SIZE XS (1 - 2 KG)  ,1,11.03
PET DIAPER FEMALE SIZE XS (1 - 2 KG)  ,3,1.0
PET DIAPER MALE SIZE L (16-34 KG)  ,1,1.0
PET DIAPER MALE SIZE L (16-34 KG)  ,2,2.0
PET DIAPER MALE SIZE M (8-16 KG)  ,1,5.029999999999999
PET DIAPER MALE SIZE M (8-16 KG)  ,2,5.029999999999999
PET DIAPER MALE SIZE M (8-16 KG)  ,3,1.0
PET DIAPER MALE SIZE M (8-16 KG)  ,4,3.01
PET DIAPER MALE SIZE S (3-8 KG)  ,1,1.0
PET DIAPER MALE SIZE S (3-8 KG)  ,2,5.02
PET DIAPER MALE SIZE S (3-8 KG)  ,4,3.64
PET DISINFECTANT 1000 ML + BOTTLE LAVENDER  ,1,3.0
PET DISINFECTANT 1000 ML + BOTTLE LAVENDER  ,2,1.01
PET DISINFECTANT 1000 ML + BOTTLE LAVENDER  ,3,1.0
PET DISINFECTANT 1000 ML + BOTTLE LAVENDER  ,4,1.0
PET DISINFECTANT 1000 ML + BOTTLE LEMON  ,2,1.01
PET DISINFECTANT 1000 ML + BOTTLE LEMON  ,3,1.0
PET DISINFECTANT SPRAY 500 ML  ,1,2.0
PET DISINFECTANT SPRAY 500 ML  ,2,1.0
PET DISINFECTANT SPRAY 500 ML  ,3,3.5
PET DOG RETRACTABLE LEASH FG909 5M  ,3,1.0
PET DRESS CHEST AND BACK KOTAK2 HW SIZE L  ,2,1.01
PET DRESS CHEST AND BACK KOTAK2 HW SIZE L  ,4,1.01
PET DRESS CHEST AND BACK KOTAK2 HW SIZE M  ,2,1.0
PET DRESS HARNESS BOW SIZE S  ,2,1.0
PET DRESS MOTIF SML  ,2,1.0
PET DRESS MOTIF SML  ,3,4.5
PET DRESS MOTIF SML  ,4,1.0
PET DRESS WEDDING PITA SIZE M  ,3,1.01
PET DRINKING WATER HEAD  ,2,1.0
PET DRYER CL 2016 A  ,3,1.06
PET DUSTPAN SMALL BROOM SMALL  ,1,1.0
PET ELECTRIC NAIIL CUTTER  ,1,1.0
PET FOOT CLEANING FOAM 150 ML  ,1,3.01
PET FOOT CLEANING FOAM 150 ML  ,2,2.01
PET FOOT CLEANING FOAM 150 ML  ,3,3.01
PET FOOT CLEANING FOAM 150 ML  ,4,1.0
PET FOOT WASH CUP SMALL  ,1,2.0
PET FOOTBALL CLOTHES  ,3,2.83
PET FOOTBALL CLOTHES  ,4,1.0
PET FOUR LEGGED SWEATER  ,3,1.0
PET FOUR LEGGED SWEATER  ,4,1.0
PET GLOVES RIGHT HAND LEATER CLOTH  ,3,1.0
PET GROOMING COMB COLOUR PLASTIC  ,1,1.0
PET GROOMING TOOLS SET (6PCS)  ,1,1.0
PET GROOMING TOOLS SET (6PCS)  ,2,1.0
PET HAT CAT AND DOGY BASEBALL S  ,3,1.0
PET HAT CAT AND DOGY CANVAS S  ,4,1.0
PET HAT CAT AND DOGY MESH S  ,3,1.0
PET HOUSE MOTIF VILLA  ,3,1.0
PET KENNEL M  ,4,1.0
PET LEASH FAGOR TRACTION 5M  ,2,1.0
PET LEASH ROUND ROPE 0.8X2M  ,4,1.0
PET MAT FOLDABLE & WATERPROOF 147*137  ,4,1.0
PET MUZZLE SOFT PLASTIC NO.2  ,2,1.0
PET MUZZLE SOFT PLASTIC NO.3  ,3,1.0
PET MUZZLE SOFT PLASTIC NO.6  ,4,1.0
PET NAIL CLIPPERS  ,1,1.0
PET NUTRIONAL GEL TAO  ,1,1.0
PET NUTRIONAL GEL TAO  ,2,1.0
PET NUTRIONAL GEL TAO  ,3,1.0
PET NUTRIONAL GEL TAO  ,4,1.0
PET PARFUME GODDI APLLE  ,2,2.0
PET PARFUME GODDI APLLE  ,3,1.0
PET PARFUME GODDI BABY POWDER  ,2,3.0
PET PARFUME GODDI BUBLE GUM  ,2,1.0
PET PARFUME GODDI BUBLE GUM  ,3,2.0
PET PARFUME GODDI COFFE CREAM  ,2,1.0
PET PARFUME GODDI COFFE CREAM  ,3,1.0
PET PARFUME GODDI FRESH  ,2,1.0
PET PARFUME GODDI FRESH  ,3,2.0
PET PARFUME GODDI GRAPE  ,2,3.0
PET PARFUME GODDI GRAPE  ,3,2.0
PET PARFUME GODDI STRAWBERY  ,2,2.0
PET PARFUME GODDI WINTER  ,1,1.0
PET PARFUME GODDI WINTER  ,3,4.01
PET PARFUME GODDI WINTER  ,4,1.0
PET PARFUME GODDI ZWITSA BABY  ,1,1.0
PET PARFUME GODDI ZWITSA BABY  ,2,4.0
PET PARFUME GODDI ZWITSA BABY  ,3,1.0
PET PARFUME RAINBOW  SUN FLOWER 60ML  ,4,1.0
PET PARFUME RAINBOW CHANNEL 60ML  ,4,1.0
PET PARFUME RAINBOW JO MALONE 60ML  ,4,1.0
PET PARFUME RAINBOW PRADA 60ML  ,4,1.0
PET PERFUME 50 ML DOG AND CAT PINK RICH  ,4,1.0
PET PERFUME BORAMMY 50 ML  ,4,1.0
PET POCKET HOODIE  ,4,1.0
PET PRINTED CARTOON VEST SML  ,1,1.0
PET PRINTED CARTOON VEST SML  ,2,3.0
PET PRINTED CARTOON VEST SML  ,3,3.0
PET PRINTED CARTOON VEST SML  ,4,1.0
PET PROTECTION NECK RING COLOR NO.7  ,4,1.0
PET PROTECTION NECK RING COLOR NO.8  ,3,1.0
PET PROTECTIVE RING NO.2 ( 33-41 CM )  ,2,1.0
PET PROTECTIVE RING NO.2 ( 33-41 CM )  ,4,1.0
PET PROTECTIVE RING NO.3 ( 23-34 CM )  ,3,2.99
PET PROTECTIVE RING NO.5 ( 23-28 CM )  ,1,1.0
PET PROTECTIVE RING NO.6 ( 18-22 CM )  ,3,3.0
PET PROTECTIVE RING NO.7 ( 13-19 CM )  ,3,2.0
"PET RAINBOW CHAIN WEAR UK 2,5 MM  ",3,1.0
PET RAINBOW SUPER FRESH BUBLE GUM 250ML  ,4,1.0
PET RETRACTABLE LEASH 3 M  ,3,3.0
PET RETRACTABLE LEASH 5 M  ,2,1.0
PET RETRACTABLE LEASH 5 M  ,3,1.0
PET ROLLER  ,3,2.0
PET ROLLER  ,4,1.0
PET ROLLER LUXURY  ,2,2.0
PET ROLLER STICK CACTUS  ,1,1.0
PET SHAMPO 4 IN 1 DEDICATED BLUE 300 ML  ,3,1.0
PET SHAMPO 4 IN 1 DEDICATED BLUE 500 ML  ,1,1.0
PET SHAMPO 4 IN 1 DEDICATED BLUE 500 ML  ,3,1.0
PET SHAMPO 4 IN 1 DEDICATED PINK 500 ML  ,1,1.0
PET SHAMPO 4 IN 1 DEDICATED PINK 500 ML  ,2,1.0
PET SHAMPO 4 IN 1 DEDICATED PINK 500 ML  ,4,1.0
PET SHAMPO 4 IN 1 DEDICATED YELLOW 300 ML  ,2,2.03
PET SHAMPO 4 IN 1 DEDICATED YELLOW 300 ML  ,4,1.0
PET SHAMPO 4 IN 1 DEDICATED YELLOW 500 ML  ,1,5.07
PET SHAMPO 4 IN 1 DEDICATED YELLOW 500 ML  ,3,4.02
PET SHAMPO 4 IN 1 DEDICATED YELLOW 500 ML  ,4,1.02
PET SHAMPO DEODORIZATION 500ML  ,3,1.0
PET SHAMPO GINI  500ML  ,4,2.0
PET SHAMPO SMOJTH TYPE 500ML  ,3,1.0
PET SHOWER GEL 500 ML BRITISH SHORT ONLY  ,3,1.0
PET SLEEPING MAT MEDIUM 50 CM  ,2,1.0
PET SNACK CHICKEN BREAST 40GR  ,2,3.99
PET SNACK CHICKEN BREAST 40GR  ,3,1.0
PET SNACK CUBES BEEF 100GR  ,1,2.0
PET SNACK CUBES BEEF 100GR  ,2,3.99
PET SNACK CUBES BEEF 100GR  ,3,3.0
PET SNACK CUBES BEEF 100GR  ,4,1.0
PET SNACK MILK ADULT CAT  ,2,5.029999999999999
PET SNACK MILK ADULT CAT  ,3,34.92
PET SNACK MILK ADULT CAT  ,4,3.01
PET SNACK MILK ADULT DOG  ,1,75.08999999999999
PET SNACK MILK ADULT DOG  ,2,9.32
PET SNACK MILK ADULT DOG  ,3,39.3
PET SNACK MILK ADULT DOG  ,4,2.0
PET SNACK MILK KITTEN CAT  ,1,1.0
PET SNACK MILK KITTEN CAT  ,2,9.469999999999999
PET SNACK MILK KITTEN CAT  ,3,1.0
PET SNACK MILK KITTEN CAT  ,4,1.0
PET SNACK MILK PUPPY  ,1,33.11
PET SNACK MILK PUPPY  ,2,17.59
PET SNACK MILK PUPPY  ,3,37.0
PET SNACK STICKS BEEF 100GR  ,1,4.0
PET SNACK STICKS BEEF 100GR  ,2,2.99
PET SNACK STICKS BEEF 100GR  ,3,6.01
PET SNACK STICKS BEEF 100GR  ,4,4.88
PET SNACK STICKS CHICKEN 100GR  ,2,1.0
PET SNACK STICKS CHICKEN 100GR  ,3,6.01
PET SNACK STICKS CHICKEN 100GR  ,4,3.88
PET SNACK TOOTHBONE BEEF 25 GR  ,2,4.05
PET SNACK TOOTHBONE BEEF 25 GR  ,3,16.83
PET SNACK TOOTHBONE BEEF 25 GR  ,4,15.51
PET SNACK TOOTHBONE CHICKEN 25 GR  ,3,21.810000000000002
PET SNACK TOOTHBONE CHICKEN 25 GR  ,4,1.0
PET SNACK TOOTHBONE MILK 25 GR  ,3,12.0
PET SNACK TOOTHBONE MILK 25 GR  ,4,2.01
PET TOILET MOTIF U  ,1,1.0
PET TOILET MOTIF U  ,2,1.0
PET TOILET MOTIF U  ,3,1.0
PET TOILET MOTIF U  ,4,1.0
PET TOILET SEMI ENCLOSED CANDY COLOR  ,4,1.0
PET TOOTHBONE BEEF FLAVOR  ,2,1.0
PET TOOTHBONE MILK FLAVOR  ,3,1.0
PET TOOTHBRUSH AND DENTAL CREAM  ,1,2.0
PET TOOTHBRUSH AND DENTAL CREAM  ,3,1.0
PET TOOTHBRUSH AND DENTAL CREAM  ,4,1.0
PET TOOTHBRUSH SET DOGGY  ,2,1.0
PET TOOTHBRUSH SET DOGGY  ,3,1.0
PET TOY BALL COLOURFULL BELL MEDIUM  8 CM  ,1,1.0
PET TOY BALL COLOURFULL BELL MEDIUM  8 CM  ,2,1.0
PET TOY BALL COLOURFULL BELL MEDIUM  8 CM  ,3,1.0
PET TOY BALL COLOURFULL BELL SMALL 5.5 CM  ,2,1.0
PET TOY BALL COLOURFULL BELL SMALL 5.5 CM  ,4,1.0
PET TOY BALL RAINBOW M  ,1,2.0
PET TOY BALL RAINBOW M  ,3,1.0
PET TOY BALL RAINBOW S  ,3,56.66
PET TOY BALL RAINBOW S  ,4,57.15
PET TOY BALL SOCCER 6.5 CM  ,1,2.0
PET TOY BALL SOCCER 6.5 CM  ,2,1.0
PET TOY BALL SOCCER 6.5 CM  ,3,1.0
PET TOY BALL SOUND FOOTPRINT  ,3,1.0
PET TOY BALL STRIPES  ,4,1.0
PET TOY BALL THORNS LIGHT L  ,1,3.98
PET TOY BALL THORNS LIGHT L  ,2,1.0
PET TOY BALL THORNS LIGHT S  ,3,1.0
PET TOY BELL DOG  ,1,1.0
PET TOY BELL DOG  ,3,1.0
PET TOY BIG POLE BELL  ,2,1.0
PET TOY BIG POLE BELL  ,3,3.9299999999999997
PET TOY BOLA LONCENG 5 CM  ,1,55.67
PET TOY BOLA LONCENG 5 CM  ,4,57.15
PET TOY COLORFUL BELLBALL 4.8 CM  ,1,2.0
PET TOY COLORFUL BELLBALL 4.8 CM  ,2,1.0
PET TOY COLORFUL BELLBALL 4.8 CM  ,3,3.0
PET TOY COLORFUL BELLBALL 4.8 CM  ,4,1.0
PET TOY DOUBLE KNOT COTTON ROPE LARGE 26CM  ,2,1.0
PET TOY DOUBLE KNOT COTTON ROPE SMALL 20CM  ,3,1.0
PET TOY FOOTPRINT BALL 6 CM SOUND  ,2,2.0
PET TOY LINEAR BARBELL  ,1,1.0
PET TOY LINEAR BARBELL  ,4,1.0
PET TOY MOTIF GIGI  ,2,1.0
PET TOY MOTIF GIGI  ,3,1.0
PET TOY PUTAR OTOMATIS (BIRD)  ,1,1.0
PET TOY ROLLING BELL 6.5 X 9 CM  ,2,1.0
PET TOY RUGBY 9 X 6 CM  ,2,2.0
PET TOY RUGBY 9 X 6 CM  ,3,2.0
PET TOY TENNIS MOLAR BITE 34CM  ,1,2.0
PET TOY TENNIS MOLAR BITE 34CM  ,2,1.0
PET TOY TENNIS MOLAR BITE 34CM  ,3,1.0
PET TOY TENNIS MOLAR BITE 34CM  ,4,1.0
PET TOY TRAINING TRUMPET RUBBER  ,3,3.0
PET TOY TUMBLER BALL BULU COLOR  ,4,1.0
PET TROLLEY BAG BZ  ,2,1.0
PET URINAL TOILET FLAT  ,2,1.0
PET URINAL TOILET FLAT  ,3,1.0
PET WIPES FOR EYE AND EAR ( CAT )  ,1,1.0
PET WIPES FOR EYE AND EAR ( CAT )  ,2,1.0
PET WIPES FOR EYE AND EAR ( CAT )  ,3,1.0
PET WIPES FOR EYE AND EAR ( CAT )  ,4,1.0
PET WIPES FOR EYE AND EAR ( DOGGY )  ,3,2.0
PET WIPES FOR EYE AND EAR ( DOGGY )  ,4,1.0
PET WIRE COMB SINGLE BLACK N RED L  ,3,2.0
PETOPIA DOG CAN FIILLET O FISH 380GR  ,1,2.0
PETOPIA DOG CAN FIILLET O FISH 380GR  ,2,5.12
PETOPIA DOG CAN FIILLET O FISH 380GR  ,3,7.640000000000001
PETOPIA DOG CAN FIILLET O FISH 380GR  ,4,1.0
PETOPIA DOG CAN FRESH CHICKEN 380GR  ,1,5.05
PETOPIA DOG CAN FRESH CHICKEN 380GR  ,2,1.0
PETOPIA DOG CAN FRESH CHICKEN 380GR  ,3,7.75
PETOPIA DOG CAN FRESH CHICKEN 380GR  ,4,1.0
PETOPIA DOG CAN GOURMET DUCK 380 GR  ,1,5.029999999999999
PETOPIA DOG CAN GOURMET DUCK 380 GR  ,2,6.12
PETOPIA DOG CAN GOURMET DUCK 380 GR  ,3,7.0
PETOPIA DOG CAN GOURMET DUCK 380 GR  ,4,1.98
PETOPIA DOG CAN JUICY LAMB 380GR  ,1,1.0
PETOPIA DOG CAN JUICY LAMB 380GR  ,2,7.13
PETOPIA DOG CAN JUICY LAMB 380GR  ,3,17.59
PETOPIA DOG CAN JUICY LAMB 380GR  ,4,4.93
PETOPIA DOG CAN PUPPY BEEF 415G  ,3,4.0
PETOPIA DOG CAN PUPPY DUCK 415G  ,3,1.0
PETOPIA DOG CAN PUPPY DUCK 415G  ,4,2.0
PETOPIA DOG CAN PUPPY FISH 415G  ,3,1.0
PETOPIA DOG CAN PUPPY LAMB 415G  ,3,3.0
PETOPIA DOG CAN PUPPY LAMB 415G  ,4,3.0
PETOPIA DOG CAN TENDER BEEF 380GR  ,1,3.95
PETOPIA DOG CAN TENDER BEEF 380GR  ,2,8.72
PETOPIA DOG CAN TENDER BEEF 380GR  ,3,33.36
PETOPIA DOG CAN TENDER BEEF 380GR  ,4,8.49
"PETOPIA DOG FOOD JUICY LAMB @1KG, @ 20KG  ",1,1.0
"PETOPIA DOG FOOD JUICY LAMB @1KG, @ 20KG  ",3,4.91
"PETOPIA DOG FOOD TENDER BEEF @ 1KG, @ 20KG  ",1,1.0
"PETOPIA DOG FOOD TENDER BEEF @ 1KG, @ 20KG  ",3,1.0
"PETOPIA DOG FOOD TENDER BEEF @ 1KG, @ 20KG  ",4,4.0
POMERANIAN ADULT 1.5KG  ,1,2.0700000000000003
POMERANIAN ADULT 1.5KG  ,3,2.0
POMERANIAN ADULT 500GR  ,2,1.11
POMERANIAN ADULT 500GR  ,3,1.0
POMERANIAN ADULT 500GR  ,4,1.0
POODLE ADULT 1.5KG  ,1,3.85
POODLE ADULT 1.5KG  ,2,2.06
POODLE ADULT 12X85GR  ,2,2.0
POODLE ADULT 3KG  ,1,1.0
POODLE ADULT 3KG  ,2,2.0
POODLE ADULT 3KG  ,3,10.99
POODLE ADULT 3KG  ,4,1.0
POODLE PUPPY 3KG  ,3,3.0
POODLE PUPPY 3KG  ,4,1.0
PRIMA CAT DROP  ,3,1.0
PROBIOVAR DIGEST 10ML  ,1,1.01
PROBIOVAR DIGEST 10ML  ,2,2.02
PROLISYNE CAT 50G  ,3,5.35
PROLISYNE CAT 50G  ,4,1.96
PROPLAN ADULT CAT CHICKEN 3KG  ,3,1.0
"PROPLAN ADULT CAT CHICKEN @0.5 KG, @7 KG  ",3,1.05
"PROPLAN ADULT CAT CHICKEN @0.5 KG, @7 KG  ",4,1.0
"PROPLAN ADULT CAT SALMON @0.5 KG, @7 KG  ",2,3.05
"PROPLAN ADULT CAT SALMON @0.5 KG, @7 KG  ",3,3.09
"PROPLAN ADULT CAT SALMON @0.5 KG, @7 KG  ",4,2.01
PROPLAN CAT ADULT CHICKEN POUCH 85GR  ,3,13.84
PROPLAN CAT ADULT CHICKEN POUCH 85GR  ,4,1.0
"PROPLAN KITTEN CHICKEN @0.5KG, @8KG  ",1,2.0
"PROPLAN KITTEN CHICKEN @0.5KG, @8KG  ",2,4.0
"PROPLAN KITTEN CHICKEN @0.5KG, @8KG  ",3,1.0
PROPLAN KITTEN CHICKEN POUCH 85GR  ,1,5.76
PROPLAN KITTEN CHICKEN POUCH 85GR  ,3,10.51
PROPLAN KITTEN SALMON POUCH 85GR  ,1,5.76
PURINA ONE ADULT SALMON TUNA 1.2KG  ,4,2.0
PURINA ONE INDOOR CHICKEN 380GR  ,3,1.0
PURINA ONE KITTEN CHICKEN 1.2KG  ,3,3.0
PURINA ONE KITTEN CHICKEN 380GR  ,2,1.0
PURINA ONE KITTEN CHICKEN 380GR  ,4,1.0
RAINBOW VCO 60ML  ,4,1.0
RECENT AA 1600  ,3,1.0
RECOVERY 195 G  ,1,2.02
RECOVERY 195 G  ,2,3.0
RECOVERY 195 G  ,3,6.029999999999999
RECOVERY 195 G  ,4,1.0
REFILL ROLL  ,1,2.0
REFILL ROLL  ,2,4.05
REFILL ROLL  ,3,2.05
REFILL ROLL  ,4,3.0
REFILL ROLL PREMIUM  ,2,1.0
REFILL ROLL PREMIUM  ,3,2.99
ROCCO CHEWY TREATS BEEF STRIP  ,1,5.0
ROCCO CHEWY TREATS BEEF STRIP  ,2,1.0
ROCCO CHEWY TREATS BEEF STRIP  ,3,2.0
ROCCO CHEWY TREATS MILKY STICK  ,1,2.0
ROCCO CHEWY TREATS MILKY STICK  ,2,3.0
ROCCO CHEWY TREATS MILKY STICK  ,3,1.0
ROCCO CHEWY TREATS SALAMI  ,3,1.0
ROCCO CHEWY TREATS SALAMI  ,4,1.0
ROCCO CHEWY TREATS SALMON STICK  ,1,2.0
ROCCO CHEWY TREATS SALMON STICK  ,2,3.0
ROCCO CHEWY TREATS SALMON STICK  ,3,1.0
ROCCO SMALL BREED ADULT BEEF & CHICKEN 1.5KG  ,3,1.0
ROCCO SMALL BREED ADULT BEEF & CHICKEN 1.5KG  ,4,1.0
ROCCO SMALL BREED ADULT CHICKEN & DUCK 1.5KG  ,1,1.0
ROCCO SMALL BREED ADULT CHICKEN & DUCK 1.5KG  ,2,1.0
ROCCO SMALL BREED ADULT LAMB & CHICKEN 1.5KG  ,4,1.0
SARINGAN IKAN GOLDEN DRAGON NO.5  ,3,1.0
SAUSAGE CAT (SALMON)  ,3,1.0
SAUSAGE CAT (TUNA)  ,2,1.01
SAUSAGE CAT (TUNA)  ,4,1.0
SAUSAGE DOG FOOD BEEF  ,1,1.0
SAUSAGE DOG FOOD BEEF  ,2,4.0
SAUSAGE DOG FOOD BEEF  ,3,2.96
SAUSAGE DOG FOOD BEEF  ,4,2.01
SAUSAGE DOG FOOD CHICKEN  ,2,5.02
SAUSAGE DOG FOOD CHICKEN  ,3,16.509999999999998
SAUSAGE DOG FOOD CHICKEN  ,4,2.01
SAUSAGE DOG FOOD FISH  ,1,1.0
SAUSAGE DOG FOOD FISH  ,3,6.03
SAUSAGE DOG FOOD FISH  ,4,2.01
SCADIX CAT SPRAY  ,4,1.0
SELIMUT MOTIF PAWS HR SIZE M  ,4,2.0
SELIMUT MOTIF PAWS HR SIZE XL  ,2,1.0
SELIMUT VELVET TBL SMALL (50*70)  ,2,2.0
SELIMUT VELVET TBL SMALL (50*70)  ,3,4.0
SELIMUT VELVET TBL SMALL (50*70)  ,4,1.0
SERBUK KAYU 1/2KG  ,2,1.0
SERBUK KAYU 1KG  ,2,3.0
SERBUK KAYU 1KG  ,4,1.0
SHAMPOO & CONDI PAWPET ALOEVERA 100ML  ,3,1.0
SHAMPOO & CONDI PAWPET ALOEVERA 100ML  ,4,3.0
SHAMPOO & CONDI PAWPET APPLE 100ML  ,4,1.0
SHAMPOO & CONDI PAWPET STRAWBERY 100ML  ,3,1.0
SHAMPOO & CONDI PAWPET STRAWBERY 250ML  ,3,1.0
SHEBA MELTY CHICKEN WHITE FISH 48GR  ,3,2.0
SHEBA MELTY KATSU O SALMON 48GR  ,2,4.44
SHEBA MELTY KATSU O SALMON 48GR  ,3,1.0
SHEBA MELTY TUNA MIX 48GR  ,3,2.0
SHEBA MELTY TUNA SEAFOOD 48GR  ,2,2.0
SHEBA MELTY TUNA SEAFOOD 48GR  ,3,1.0
SHIH TZU ADULT 1.5KG  ,4,2.62
SHIH TZU PUPPY 1.5KG  ,3,1.0
SINGLE BOWL + BOTOL MOTIF LOVE  ,4,1.0
SINGLE BOWL + DRINKING PET OVAL  ,3,1.0
SINGLE BOWL CERAMIC CAT EAR  ,1,1.01
SINGLE BOWL COLOURFULL  ,2,1.0
SINGLE BOWL COLOURFULL  ,3,1.03
SINGLE BOWL COLOURFULL  ,4,2.0
SINGLE BOWL FACE CAT 45#  ,1,1.0
SINGLE BOWL FACE CAT 45#  ,4,3.0
SINGLE BOWL FACE CAT PIPITAO  ,3,1.0
SINGLE BOWL MOTIF PITA  ,3,2.0
SINGLE BOWL PLASTIC TEDDY HW M ( 18.5 X 13.5 X 5.5 CM )  ,1,1.0
SINGLE BOWL PLASTIC TEDDY HW S ( 15 X 11 X 5 CM )  ,4,1.0
SINGLE BOWL S/S COLOR SPRAY PAINT 18 CM  ,1,1.0
SINGLE BOWL S/S COLOR SPRAY PAINT 30 CM  ,1,1.0
SINGLE BOWL SOLID COLOUR HW UK 13.8 X 12 X 4.2 CM  ,1,1.0
SINGLE BOWL SOLID COLOUR HW UK 13.8 X 12 X 4.2 CM  ,3,11.33
SINGLE BOWL STAINLESS STEEL MOTIF IKAN L  ,1,1.0
SINGLE BOWL STAINLESS STEEL MOTIF IKAN L  ,2,1.0
SINGLE BOWL STAINLESS STEEL MOTIF IKAN L  ,4,5.12
SINGLE BOWL STAINLESS STEEL MOTIF IKAN M  ,3,3.0300000000000002
SINGLE BOWL TAO 13X15X5CM  ,3,1.0
SINGLE BOWL TAO 13X15X5CM  ,4,3.0
SINGLE DRINKING BOWL PLASTIC  ,1,1.01
SINGLE DRINKING BOWL PLASTIC  ,2,1.0
SISIR GROOMING GAGANG PUTIH  ,2,1.0
SMELL GOOD  ,3,6.07
SMELL GOOD  ,4,1.0
SNACK CAT PEIEN SALMON AND SHRIMP @50 PCS  ,1,125.84
SNACK CAT PEIEN SALMON AND SHRIMP @50 PCS  ,2,47.26
SNACK CAT PEIEN SALMON AND SHRIMP @50 PCS  ,3,72.88
SNACK CAT PEIEN SALMON AND SHRIMP @50 PCS  ,4,135.35
SNACK CAT PEIEN TUNA AND SHRIMP @50 PCS  ,1,70.85000000000001
SNACK CAT PEIEN TUNA AND SHRIMP @50 PCS  ,2,140.03
SNACK CAT PEIEN TUNA AND SHRIMP @50 PCS  ,3,73.67999999999999
SNACK CAT PEIEN TUNA AND SHRIMP @50 PCS  ,4,33.17
SNACK CAT PEIEN TUNA CHICKEN @50 PCS  ,1,69.94
SNACK CAT PEIEN TUNA CHICKEN @50 PCS  ,2,186.81
SNACK CAT PEIEN TUNA CHICKEN @50 PCS  ,3,58.25
SNACK CAT PEIEN TUNA CHICKEN @50 PCS  ,4,97.84
SNACK SOPO KALAA @50  ,2,47.26
SNACK SOPO KALAA @50  ,3,17.0
SNAPPY TOM PILCHARD & SNNAPER 85G  ,3,2.01
SNAPPY TOM PILCHARD & WHITEFISH 85G  ,3,2.01
SNAPPY TOM TUNA & SHIRMP 85G  ,1,6.01
SNAPPY TOM TUNA & SHIRMP 85G  ,3,6.02
SNAPPY TOM TUNA IN JELLY 85G  ,4,1.0
SPRAY PENGUSIR KUCING  ,3,2.0
STARTER MOUSSE 12X195GR  ,2,6.11
STARTER MOUSSE 12X195GR  ,3,2.11
STERILISED 37 400 GR  ,3,1.0
STERILIZED LOAF 12 X 85 GR  ,3,1.0
STIK  FEATHER ZY  ,1,1.0
STIK  FEATHER ZY  ,2,3.0
STIK  FEATHER ZY  ,3,3.0
STIK ACRYLIC 40 CM  ,1,1.0
STIK BULU 60 CM TAO-TAO  ,1,1.0
STIK BULU BOLA 50 CM  ,1,1.0
STIK BULU BOLA 50 CM  ,3,1.0
STIK BULU METAL 90 CM LONCENG  ,2,2.0
STIK BULU METAL 90 CM LONCENG  ,3,1.0
STIK BULU METAL 90 CM LONCENG  ,4,2.0
STIK COLORFUL BALL 105 CM  ,1,1.0
STIK COLORFUL BALL 105 CM  ,2,2.0
STIK COLORFUL BALL 105 CM  ,3,1.0
STIK COLORFUL BALL 105 CM  ,4,2.03
STIK MOUSE AND FISH LINEN  ,3,1.0
STIK MOUSE AND FISH LINEN  ,4,1.0
STIK PAPER COLOUR 50 X 20 CM  ,3,1.0
STIK PAPER COLOUR 50 X 20 CM  ,4,1.0
STIK ULAT 115 CM  ,1,2.0
STIK ULAT 115 CM  ,2,2.0
STIK ULAT 115 CM  ,3,2.0
STIK ULAT 115 CM  ,4,2.0
TALI TUNTUN BIASA  ,3,1.0
TAS ASTRONUT  ,3,1.05
TAS ASTRONUT CARTOON  ,4,1.01
TAS ASTRONUT KITTY  ,1,1.0
TAS ASTRONUT KITTY  ,3,1.05
TAS ASTRONUT TRANSPARAN RING GOLD  ,3,3.1
TAS ASTRONUT TRANSPARAN RING GOLD  ,4,1.0
TAS CARGO HELLO CAT  ,1,1.0
TAS DOUBLE TONE COLLOR BACKPACK  ,3,1.02
TAS DOUBLE TONE COLLOR BACKPACK  ,4,1.02
TAS SQUARE WINDOWS TRANSPARAN  ,2,1.02
TEMP CREAMY PURRRR EE CHICKEN & TUNA 24GR  ,1,2.05
TEMP CREAMY PURRRR EE CHICKEN &TUNA 48GR  ,1,1.0
TEMP CREAMY PURRRR EE CHICKEN &TUNA 48GR  ,2,2.99
TEMP CREAMY PURRRR EE CHICKEN &TUNA 48GR  ,3,4.99
TEMP CREAMY PURRRR EE CHICKEN &TUNA 48GR  ,4,3.0
TEMP CREAMY PURRRR EE SALMON & CHEESE 24GR  ,2,1.0
TEMP CREAMY PURRRR EE SALMON & CHEESE 48GR  ,1,2.0
TEMPAT TIDUR KUCING (GANTUNG)  ,3,1.0
TEMPTATION DAIRY 2X6X75GR  ,3,1.0
TEMPTATION DAIRY 2X6X75GR  ,4,3.0
TEMPTATION MIX UPS CATNIP CK& CHED 2X6X75GR  ,3,1.0
TEMPTATION MIX UPS TUNA SALMON & SHRIMP 2X6X75GR  ,3,2.0
TEMPTATION TASTY CHICKEN 2X6X75GR  ,1,2.0
TOP GROWSY 30GR  ,4,14.24
TOP GROWTH 30GRAM  ,1,7.65
TOP GROWTH 30GRAM  ,2,6.15
TOP GROWTH 30GRAM  ,3,15.05
TOP GROWTH 30GRAM  ,4,1.0
TOY BONEKA DUCK  ,1,1.98
TOY BONEKA DUCK  ,3,1.0
TOY BONEKA ELEPHANT  ,3,1.0
TOY MOUSE COLORFUL  ,1,1.0
TOY MOUSE COLORFUL  ,2,1.0
TOY MOUSE COLORFUL  ,3,6.04
URINARY CARE 12 X 85 GR  ,4,1.0
URINARY S/O 1.5KG  ,2,1.23
URINARY S/O 1.5KG  ,3,1.02
URINARY S/O 400G  ,4,1.0
VEST CHEST BACK DOG ROPE REFLECTIVE HW SIZE S  ,1,1.0
VET OTIC  ,1,1.0
VET OTIC  ,2,2.0
VIRBAC NUTRI-PLUS GEL  ,1,2.02
VIRBAC NUTRI-PLUS GEL  ,2,1.0
VIRBAC NUTRI-PLUS GEL  ,3,6.0
VIRBAC NUTRI-PLUS GEL  ,4,3.7199999999999998
WATER BOTTLE  350 ML  ,2,1.01
WHI INDOOR 1.1KG + POUCH+ TEMP MIX  ,2,1.0
WHI MACKAREL 1.2 KG +POUCH + TEMP MIX PROMO  ,2,2.0
WHI MACKAREL 1.2 KG +POUCH + TEMP MIX PROMO  ,3,1.0
WHI O FISH 1.2KG + POUCH + TEMP MIX PROMO  ,2,1.0
WHI O FISH 1.2KG + POUCH + TEMP MIX PROMO  ,3,1.0
WHI O FISH 1.2KG + POUCH + TEMP MIX PROMO  ,4,1.0
WHI SKINCOAT 1.1KG +POUCH+TEMP MIX  ,4,1.0
WHISKAS JUNIOR MACKAREL 1.1KG  ,1,1.0
WHISKAS JUNIOR MACKAREL 1.1KG  ,2,1.0
WHISKAS JUNIOR MACKAREL 450GR  ,2,1.0
WHISKAS JUNIOR MACKAREL 450GR  ,3,1.0
WHISKAS JUNIOR MACKAREL 450GR  ,4,1.0
WHISKAS JUNIOR O FISH 1.1KG + POUCH PROMO  ,1,2.0
WHISKAS JUNIOR OCEAN FISH 450GR  ,1,1.0
WHISKAS JUNIOR OCEAN FISH 450GR  ,2,2.0
WHISKAS JUNIOR OCEAN FISH 450GR  ,3,2.0
WHISKAS JUNIOR OCEAN FISH 450GR  ,4,2.0
WHISKAS MACKEREL 480GR  ,4,2.0
WHISKAS O FISH 400GR (KALENG)  ,3,2.0
WHISKAS O FISH 400GR (KALENG)  ,4,5.91
WHISKAS OCEAN FISH 480GR  ,1,3.0
WHISKAS OCEAN FISH 480GR  ,4,1.0
WHISKAS POUCH GRILLED SABA 80GR  ,1,14.4
WHISKAS POUCH GRILLED SABA 80GR  ,2,21.46
WHISKAS POUCH GRILLED SABA 80GR  ,3,15.309999999999999
WHISKAS POUCH GRILLED SABA 80GR  ,4,9.15
WHISKAS POUCH JUNIOR MACKEREL 80GR  ,2,4.0
WHISKAS POUCH JUNIOR MACKEREL 80GR  ,3,43.47
WHISKAS POUCH JUNIOR MACKEREL 80GR  ,4,19.62
WHISKAS POUCH KITTEN TUNA 80GR  ,1,30.669999999999998
WHISKAS POUCH KITTEN TUNA 80GR  ,2,3.0
WHISKAS POUCH KITTEN TUNA 80GR  ,3,61.55
WHISKAS POUCH KITTEN TUNA 80GR  ,4,55.14
WHISKAS POUCH MACK SALMON 80GR  ,1,6.29
WHISKAS POUCH MACK SALMON 80GR  ,2,4.0
WHISKAS POUCH MACK SALMON 80GR  ,3,97.13000000000001
WHISKAS POUCH MACK SALMON 80GR  ,4,53.3
WHISKAS POUCH MACKEREL 80GR  ,2,25.07
WHISKAS POUCH MACKEREL 80GR  ,3,3.84
WHISKAS POUCH MACKEREL 80GR  ,4,23.66
WHISKAS POUCH OCEAN FISH 80GR  ,1,6.29
WHISKAS POUCH OCEAN FISH 80GR  ,2,12.86
WHISKAS POUCH OCEAN FISH 80GR  ,3,13.93
WHISKAS POUCH OCEAN FISH 80GR  ,4,12.32
WHISKAS POUCH TUNA 80GR  ,2,42.82
WHISKAS POUCH TUNA 80GR  ,3,74.12
WHISKAS POUCH TUNA 80GR  ,4,23.85
WHISKAS POUCH TUNA SENIOR 80GR 7+  ,2,24.58
WHISKAS POUCH TUNA SENIOR 80GR 7+  ,4,5.63
WHISKAS POUCH TUNA WHITE FISH 80GR  ,1,9.98
WHISKAS POUCH TUNA WHITE FISH 80GR  ,2,13.88
WHISKAS POUCH TUNA WHITE FISH 80GR  ,3,24.75
WHISKAS POUCH TUNA WHITE FISH 80GR  ,4,36.199999999999996
WHISKAS TASTY MIX CHICKEN SALMON 70GR  ,2,1.0
WHISKAS TASTY MIX CHICKEN SALMON 70GR  ,3,4.54
WHISKAS TASTY MIX CHICKEN SALMON 70GR  ,4,1.0
WHISKAS TASTY MIX CHICKEN TUNA 70GR  ,1,1.0
WHISKAS TASTY MIX CHICKEN TUNA 70GR  ,2,15.92
WHISKAS TASTY MIX CHICKEN TUNA 70GR  ,3,1.0
WHISKAS TASTY MIX CHICKEN TUNA 70GR  ,4,4.0
WHISKAS TASTY MIX SEAFOOD COCTAIL 70GR  ,2,1.0
WHISKAS TASTY MIX SEAFOOD COCTAIL 70GR  ,3,1.0
WHISKAS TASTY MIX SEAFOOD COCTAIL 70GR  ,4,5.46
WHISKAS TASTY MIX TUNA KANIKAMA 70GR  ,1,6.09
WHISKAS TASTY MIX TUNA KANIKAMA 70GR  ,2,1.0
WHISKAS TASTY MIX TUNA KANIKAMA 70GR  ,3,21.169999999999998
WHISKAS TUNA 1.2KG  ,3,1.0
WHISKAS TUNA 1.2KG  ,4,1.0
WHISKAS TUNA 400GR  ,1,1.0
WHISKAS TUNA 400GR  ,2,1.0
WHISKAS TUNA 400GR  ,4,2.0
WHISKAS TUNA 7KG  ,1,1.05
"WINSTAR SALMON @ 1KG, @ 20KG  ",2,3.0
"WINSTAR SALMON @ 1KG, @ 20KG  ",3,2.0
"WINSTAR SALMON @ 1KG, @ 20KG  ",4,1.0
XSMALL ADULT 1.5KG  ,4,1.0
XSMALL ADULT 500GR  ,4,2.0
"XSMALL PUPPY 1,5KG  ",1,1.0
"XSMALL PUPPY 1,5KG  ",3,1.0
XSMALL PUPPY 500G  ,2,1.0
XSMALL PUPPY 500G  ,3,3.0
XSMALL PUPPY 500G  ,4,1.0
YORKSHIRE ADULT 1.5KG  ,1,1.0
